Industry,Work-life balance,Transparency,Toxic culture (R),Supportive culture,Strategy,Leadership,Innovation,Open to feedback,Agility,Ticker,Listing status,preperiod__prior_roa,preperiod__prior_revenue_growth,preperiod__prior_operating_margin,preperiod__prior_stock_return,preperiod__prior_stock_volatility,outcomes_longitudinal__forward_roa,outcomes_longitudinal__forward_operating_margin,outcomes_longitudinal__forward_revenue_growth,outcomes_longitudinal__secondary_no_washout_excess_tsr,outcomes_longitudinal__primary_three_month_washout_partial_excess_tsr,outcomes_longitudinal__sensitivity_six_month_washout_partial_excess_tsr,preculture_controls_longitudinal__publication_safe_roa_average,preculture_controls_longitudinal__publication_safe_roa_trend,preculture_controls_longitudinal__publication_safe_operating_margin_average,preculture_controls_longitudinal__publication_safe_operating_margin_trend,preculture_controls_longitudinal__publication_safe_revenue_growth_average,preculture_controls_longitudinal__publication_safe_assets_level,preculture_controls_longitudinal__publication_safe_leverage_level,preculture_controls_longitudinal__fiscal_period_revenue_growth_trend,preculture_controls_longitudinal__stock_2020_2022_avg_return,pre2023_headcount__publication_safe_log_headcount
Industrials,-0.066430491,-0.475452788,-0.208192446,-0.041766744,-1.979745633,-0.680374267,0.09244682,-0.621825476,-1.034820942,MMM,Public (direct listing),0.12435690453126681,-0.26004808372224575,0.07323879056610985,-0.29716130054882106,0.2747387762372638,0.0749349662900201,0.19777014066496162,0.012764528048370805,-0.1720234706445556,-0.2221641789012827,-0.14291906907069085,0.1139459595540455,0.011727516400088369,0.20768388125165216,0.008153903926977913,0.05001043523637516,47072000000.0,0.027426070700203944,-0.016671023415663795,-0.07438878242094764,10.819778284410283
Grocery Stores,-0.259798401,,0.025971506,-0.6990403,,0.215904289,,,,SVNDY,Subsidiary (proxy = parent listing),,,,,,,,,,,,,,,,,,,,,
Restaurants & Fast Food,0.610936578,,1.349883077,2.308311649,,1.878193433,,,,,Private / no public equity,,,,,,,,,,,,,,,,,,,,,
Consumer Products,-0.921735902,-0.144622154,-1.210834059,0.0827137,-0.401477903,-0.187719793,,-1.326305311,0.200843695,BUD,Public (direct listing),0.02803097542534857,0.06412050677666481,0.25032014674834735,-0.04385377028514792,0.30431906340871756,0.033736901480525223,0.2680818254892633,0.1202670971529205,-0.09273806251545591,-0.06412708089380481,0.2251279043446892,0.02145873444012002,,0.2615829404832057,,,217627000000.0,0.40817545617042,,-0.1073715107583314,3.912023005428146
Industrials,0.319941254,0.542802428,0.969496092,1.566900491,0.094106262,0.792155479,-0.237650218,0.67948563,-0.381309845,ABB,Public (direct listing),,,,,,,,,,,,,,,,,,,,,
Life Sciences & Biopharma,-0.899724724,0.043727505,-1.068616318,-1.007490178,0.621015897,-0.442805035,-0.408066206,0.049701975,0.062024776,ABT,Public (direct listing),0.09313791343131196,0.013418456181079508,0.19155613588985865,-0.18745622992561317,0.2675124676720268,0.0687174602131818,0.1707138742411486,0.07781424985518437,-0.4772348335044596,-0.595322340195019,-0.48676479212292734,0.07010135869891905,0.019861708534428448,0.1641436806913533,0.026768967669108395,0.16470433897624448,75196000000.0,0.010027129102611842,-0.035667903303665406,0.13059691270926996,11.635143097694478
Life Sciences & Biopharma,-0.059915596,-0.238398178,-0.354981094,-0.359020472,1.326781662,-0.097696226,-0.071840622,0.503595204,-0.876685816,ABBV,Public (direct listing),0.08527070350491697,0.03304446856593768,0.32407758294002137,0.24092163128684185,0.22531374770822762,0.02685119011344351,0.33181043951670675,0.12433485722850923,-0.15953680874994647,-0.05307814828388646,-0.22623018311660492,0.0659582524710439,-0.004839060641337836,0.3191021809385846,-0.03566447609048402,0.3019014606781045,146529000000.0,0.5184093251165298,-0.171928436071167,0.2829304833201666,10.819778284410283
Specialty Retail & Apparel,0.672486408,,0.56091717,0.634155774,,0.898789043,,,,ANF,Public (direct listing),0.08947467435688695,,0.09240652795973246,-0.3475990851066143,0.7118632986548206,0.14332666240681638,0.12993237300962632,0.015045871225204177,-0.0478378692845407,-0.3615503512133905,-0.24204486167781503,0.024353077080293162,0.012920076708216398,0.03516838850184695,0.014490017283200532,0.019918380160100318,2939491000.0,,0.08937894601947675,0.17888345238569348,10.357742824813725
Outsourcing & Staffing,-0.374363267,,-0.639342211,-1.07553922,,-1.081290126,,,,ABM,Public (direct listing),0.04732075006675019,0.25334746170889133,0.044667332769707684,0.06144223823707273,0.35610685269638415,0.029521326131495624,0.036872162511460416,0.08443434199933697,-0.4074368157983691,-0.3933542466479769,-0.28681933359979184,0.02759298200497419,0.006684882650006773,0.03145940983095205,0.005501963068710427,0.07165499686356358,4868900000.0,0.03727741378956233,0.16598989125824726,0.07817090492599643,11.751942365440728
Specialty Retail & Apparel,-0.114106338,,-0.106508532,0.159191257,,-0.043169556,,,,ASO,Public (direct listing),0.14643179627214314,,0.13405135706869853,0.26116442196730705,0.5669272514402842,0.07142547417042736,0.08424043649675643,0.0670367002143688,0.2765744396990819,-0.1078534919390981,-0.1232308182979096,0.08152296648951751,0.059358347518150265,0.0680120011951594,0.035803458733257416,0.12601782667082442,4584940000.0,0.0006543160870153154,0.09045022905508966,0.6215541385872017,9.998797732340453
Business Consulting,0.544642648,0.233807946,0.79762367,-1.159603731,0.106979884,0.136349989,,0.036506226,-0.584888442,ACN,Public (direct listing),0.14550731549302748,0.21888332088710705,0.15207868649544792,-0.30139056809190024,0.3320910609373711,0.1171549230338525,0.15752401194545682,0.055859668653951644,-0.6024005045463098,-0.6098380970454187,-0.36418231315218363,0.14512499042402763,-0.00457090498178981,0.14893639534208686,0.002241229353512212,0.12820948555606804,47263390000.0,,0.09657546044959249,0.1878542301445382,13.488394416267086
Specialty Retail & Apparel,1.119199321,,0.273524396,0.649571271,,1.71059534,,,,,Private / no public equity,,,,,,,,,,,,,,,,,,,,,
Business Services,2.060383483,-1.585123197,0.686542396,-0.825348381,1.218658179,-0.197603569,,-0.200992139,0.563256997,,Private / no public equity,,,,,,,,,,,,,,,,,,,,,
Outsourcing & Staffing,-1.19838897,,0.227725716,0.565463755,,0.333694094,,,,,Private / no public equity,,,,,,,,,,,,,,,,,,,,,
Outsourcing & Staffing,0.53571192,,0.810606354,0.183804862,,0.446663882,,,,AHEXY,Public (direct listing),0.02579963789981895,0.12845481884576837,0.02191201353637902,-0.3257750014604699,0.39115275389703924,0.025560992070187277,0.023999654681227608,0.015252108379687712,-0.32895816040719705,-0.4945143482117649,-0.36975449319362075,0.049388959123472395,,0.03761516062819228,,,11865000000.0,0.29329962073324906,,-0.1372953944237223,
Specialty Retail & Apparel,0.646918403,,0.550680236,1.399862815,,0.410082661,,,,ADDYY,Public (direct listing),0.03015372487189594,0.060139399076952094,0.032384167740215894,-0.5295108990434234,0.5118881360537095,0.06933625345312461,0.08526732673267327,0.07134731025516006,-0.5424631254160207,-0.4210931866867388,-0.23765754714779752,0.09558657451325835,,0.0936705283978525,,,22137000000.0,0.24081853909743867,,-0.20185687954023693,
Software & IT Services,0.497063503,0.690587774,-0.098857715,0.783656928,-0.132724477,0.20893445,1.552811491,0.180150621,-2.396603423,ADBE,Public (direct listing),0.17507822565801584,0.11536268609439349,0.34635919572872886,-0.3659246718090453,0.45823268756444957,0.2452857397338129,0.36074291610445275,0.12685169419376807,-0.6035741000314615,-0.5752849793423445,-0.3841531499701324,0.17859003539136442,0.017429300704867274,0.3297922621371606,0.03750894860041886,0.18928346384222727,27241000000.0,0.15135274035461252,-0.01825894392217855,0.08670334907844224,10.16539017200042
Business Services,-0.489467804,1.697550392,0.144198888,0.438344313,0.362103692,0.582559903,,0.356213507,-0.529422785,ADP,Public (direct listing),0.04675731985374563,0.0994908499606808,0.23052072031663867,0.026569054625596333,0.2840862015513355,0.06768330505732366,0.2651142334668179,0.06954799207635509,-0.5728872947927017,-0.506710795308784,-0.3662984952649839,0.05443711753788978,-0.0033636906306625616,,,0.05240825629889908,63068200000.0,,0.035121292692972476,0.1814447686773536,9.64859530290734
Outsourcing & Staffing,-0.024646872,,-0.990235433,-1.222689509,,-0.913891077,,,,ADT,Public (direct listing),0.007444096470076486,0.042634501488677756,0.16774237865548858,0.1406990188595636,0.42054797422645357,0.03919822024921574,0.25586747722848563,0.008708543098136401,-0.4400716039093151,-0.43157214095180285,-0.35337720726885924,-0.028590163046498678,0.003098945536023406,0.016283664341698305,-0.01772342218519386,0.0177272060179553,16894351000.0,0.006960433105716817,0.08407338626614326,0.08163345437217913,10.126631103850338
Specialty Retail & Apparel,0.918495408,,-0.036241182,-1.296934767,,-0.48334263,,,,AAP,Public (direct listing),0.03874392470095601,-0.16813210124141786,0.05734235710318013,-0.37047848798281047,0.38179505102221867,0.0038076282370248576,0.031854511757210706,0.01200154858691449,0.3186595433784667,0.005360395770612092,-0.15006865859621932,0.0451505084550902,0.0019509659076379123,0.07340345213708971,0.0021790978928942807,0.0645756898116806,12194209000.0,0.0,0.010317265095244357,0.06248136981425075,10.621327345686446
Business Services,1.164098,-1.60433158,0.136965668,-0.8671741,-0.738909478,-0.052829024,,-0.351153938,0.951735056,ADV,Public (direct listing),-0.32388381959242873,0.01222663977272287,0.022335535174703852,-0.7429991714995858,0.6487784541305521,-0.0855619183456164,0.009849737539935791,0.058176521552899096,-0.6205767107309044,-0.17480607231270118,-0.14041777423128743,-0.021810403639046766,0.027965765312317963,0.047182292272839425,0.0037047783944468803,-0.012375775021715274,5854268000.0,0.00245923145301855,0.14524690484785852,-0.292262903208105,11.156250521031495
Specialty Retail & Apparel,-0.362568975,,0.754570719,-0.279377968,,-0.581211924,,,,AEO,Subsidiary (proxy = parent listing),0.11081821021944767,,0.12034222182751804,-0.4011476151746266,0.5832033752745086,0.06863703565903617,0.07502563718827841,0.09699531662565763,0.37180754120242887,0.3645827177878094,-0.18939356476651736,0.061236650399590184,-0.01987257221212773,0.04586860584438191,-0.002307921554160958,0.09101201670151289,3786643000.0,,0.1327249962107165,0.0967610060335841,10.616437360392252
Outsourcing & Staffing,-2.203601306,,-0.568465708,0.327120155,,-0.407754891,,,,,Private / no public equity,,,,,,,,,,,,,,,,,,,,,
Insurance,0.640898631,0.560164138,-0.495318972,-0.021386012,1.219592113,0.60313366,,0.469276654,2.140059024,AFL,Public (direct listing),0.033536261367259255,-0.11115752343822516,,0.19548852742437783,0.23575762269500622,0.0386500817020709,,0.27657109759629317,-0.18782310429841487,-0.1509229408884436,-0.10717681335830265,0.026007684408093184,0.002912715339401318,0.20752478077175707,0.011607626792502365,-0.00451195146469624,157542000000.0,,-0.055311718536038695,0.169597007075494,8.778325928634482
Insurance,1.062606296,-0.101353687,1.069728861,-0.017938722,-0.3173436,0.174430749,,0.797195906,-1.286512747,AIG,Public (direct listing),0.019583400353868425,-0.4233913628931423,,0.0777943529951568,0.32698401641979524,0.019387196538394897,,-0.023324475937407718,-0.322312752958964,-0.35712671914096006,-0.19580268881617058,0.003996686074120811,0.004686176406913976,,,0.03472071680015215,596112000000.0,0.05059955176208498,0.10247613710678521,0.15312799206636377,10.507803519389457
Travel & Leisure,-0.100801444,,-0.255713898,-1.559741544,,-0.832193559,,,,ACDVF,Public (direct listing),-0.05761344765648829,1.586875,-0.011294998791978738,-0.19877886905327524,0.47020023281968315,,,,0.08560913173876838,-0.20543849941158432,0.12255095301035723,-0.11765858757431241,,-0.443125,,,30614000000.0,0.5397203893643431,,-0.24310232733717732,
Industrials,0.118676086,-0.560377615,-1.901391247,-1.182458057,0.564999963,-0.552066915,-0.420815283,-1.501405419,0.23197441,AIQUY,Public (direct listing),0.05571307403368472,0.282805080823491,0.1624173180998196,-0.10534480047900263,0.2853198367765666,,,,-0.11143210246366153,-0.21632908468323753,-0.11429071760535292,0.05498139285340219,,0.17828736479421292,,,46783100000.0,0.29670115917927625,,0.05380606898218513,
Industrials,0.749668574,0.405152672,1.882278634,1.091365315,0.930617765,0.817338438,0.734392066,0.870436152,-0.886515929,EADSY,Public (direct listing),0.036629752294211,0.12682889413028064,0.0893759678709392,-0.10070777653487839,0.3812229284219077,0.03767453306007901,0.06732479422024294,-0.06579530350022156,-0.011824114375623251,-0.19305587210413444,-0.23109676888774,0.03935654432165311,,0.09267675314962895,,,107047000000.0,0.12574850299401197,,-0.051478190771862255,
Travel & Leisure,0.405783683,,0.942261294,1.015177389,,0.087399807,,,,ALK,Public (direct listing),0.004088537995206542,0.5618523316062176,0.0673854447439353,-0.22325054207250228,0.4136578639042727,0.003624807587268484,0.0288154422996806,0.05196047178833285,-0.46565346614602243,-0.3198157902758918,-0.18941840324995962,0.0342627768618737,,0.1091321243523316,,,13951000000.0,0.2928822306644685,,-0.12687891221377964,10.0359621369355
Grocery Stores,0.396540988,,0.346228209,-0.003299988,,0.337055541,,,,ACI,Public (direct listing),0.05758987305763966,,0.033690375172145175,-0.059213342377596345,0.386448859920861,0.008113491852453128,0.00860140070335748,0.07727333173754625,-0.47300109868162055,-0.49001539708213404,-0.2141873110910657,0.028680115450755966,0.016694868250250405,0.023281192385542653,0.006287935413615322,0.05969826437776948,28123000000.0,,-0.00010397812679253421,0.3011235005235168,12.577636201962656
Life Sciences & Biopharma,-0.129575464,0.307684821,-0.953607837,-0.769848158,0.346540043,-0.287627431,-0.66813568,-0.83645215,-0.487401424,ALC,Public (direct listing),0.011486370649751415,0.051381015559039955,0.07709074222783067,-0.1687046277083034,0.31986292150534323,0.0259824721418091,0.11134098175662968,0.09421754953497774,-0.4148984498694014,-0.4880562914912172,-0.2513911213429947,0.013429051037537054,,0.06995537329634544,,,27999000000.0,0.15996999892853317,,0.09595821476228912,8.294049640102028
Grocery Stores,-1.751406317,,0.11764845,0.490289652,,0.194248375,,,,,Private / no public equity,,,,,,,,,,,,,,,,,,,,,
Specialty Retail & Apparel,-0.153257026,,0.834912751,0.22795162,,0.486135097,,,,,Private / no public equity,,,,,,,,,,,,,,,,,,,,,
Business Services,1.188802976,1.172126218,0.515676531,-0.659909004,-0.162372946,1.018543882,,0.408040476,0.017248686,ALIT,Public (direct listing),-0.005518469069870939,,-0.04259175351155415,-0.19183619962822962,0.5562430833699712,-0.58260295919329,0.008896797153024912,-0.025547445255474477,-1.1986570470404692,-1.0690805492691327,-0.8377831007849147,,,0.07886287794519163,,0.06896551724137923,1036571485.0,0.03569459563128924,,-0.0637175398136663,9.615805480084347
Insurance,0.753402752,-0.624729455,0.182844999,-1.11462021,-0.035110473,-0.519972112,,0.235663269,-0.744689019,ALIZY,Public (direct listing),0.006860797715987977,-0.32840527789691454,,-0.09301431009207062,0.29562469942134856,0.011872712922790393,,0.15376044568245129,-0.03677750340002306,-0.0896521610026646,-0.053126215748559025,0.006026787749482572,,,,,1096770000000.0,0.03243068282319903,,0.010499314511552246,
Financial Services,0.987894597,-0.579102091,0.305961957,-0.158723568,1.223096433,0.050073152,,-0.036803269,-0.001264232,AIBGY,Public (direct listing),0.005911276897465935,0.23190859077443937,,0.4858894296408751,0.5400625112190433,,,,0.583689512117368,0.2765113730395703,0.18863037654701786,0.005059628543499511,,,,,127875000000.0,0.061317693059628545,,0.22504046997679705,
Outsourcing & Staffing,-0.237060418,,-0.738395851,-1.649577273,,-1.771462169,,,,,Private / no public equity,,,,,,,,,,,,,,,,,,,,,
Insurance,0.702163189,0.261027911,0.283765929,-0.774627817,-0.474906568,0.110120185,,0.665185084,0.621906018,ALL,Public (direct listing),-0.01315453775423772,0.03979046836483158,,0.13570421719529735,0.30248624469689694,0.10119451863024086,,0.030006763819713456,-0.14721511271849086,-0.1914161019027667,-0.15048323223820226,0.033582362141390175,-0.012164227636412074,,,0.0660099260737399,99440000000.0,0.08020917135961383,0.006845958677591485,0.09684965483742373,10.902279505922026
Financial Services,0.345774404,0.189421186,-0.900100021,0.108167741,-0.135213903,-0.446819697,,-1.128016559,0.803048404,ALLY,Public (direct listing),0.008935180840970463,0.05239179954441919,,-0.5052201647467254,0.4610082800164169,0.007210231711332485,,0.3407407407407408,-0.004035334918065736,-0.139784099268361,-0.009404919911013332,0.010750870588650652,0.0036544255185849846,,,0.08361875743244362,182114000000.0,0.03222706656270248,0.014982144125637194,0.029678679245546458,9.259130536145614
Business Services,0.000534928,-1.081612982,-1.127265583,-1.697194375,0.45668183,-1.250442605,,-1.327481411,1.124095311,,Private / no public equity,,,,,,,,,,,,,,,,,,,,,
Tech Giants,-0.467535053,0.837689168,0.849934926,-0.261829542,0.300664502,0.258665061,-0.054585212,0.825681837,-0.969583676,GOOGL,Public (direct listing),0.16418809409084936,0.09780815643715779,0.2646127084246701,-0.370920772919069,0.3874360114810825,0.27412669256652417,0.32693331818536847,0.21790012633818745,0.7058801468729579,0.9314981332855137,0.41686747555460135,0.1244721991671167,,0.2114891540063142,,,275909000000.0,0.0,-0.01494858184558218,0.1891319939765748,
Business Consulting,-1.255154894,0.323555451,-2.613851483,-0.864590665,-0.239034133,-1.806575116,,-1.75812844,1.978318517,,Private / no public equity,,,,,,,,,,,,,,,,,,,,,
Industrials,0.097982894,-0.336086471,1.503607696,-0.608624048,1.00155048,-0.343060647,0.21620123,0.129049539,0.477352451,ALSMY,Public (direct listing),-0.019039816483696542,,0.008079632861482774,-0.3435628080580454,0.5126662987308149,,,,0.15401152081331437,-0.3658305721890269,-0.38828434622010066,-0.019039816483696542,,0.008079632861482774,,,30515000000.0,0.12076028182860889,,-0.13808502084010224,
Business Consulting,-0.503977271,1.15874011,-0.785783069,0.093483793,0.354112125,0.649773972,,1.298183175,0.636767862,,Private / no public equity,,,,,,,,,,,,,,,,,,,,,
Tech Giants,-1.634324192,-0.158705571,-2.276575226,-1.960571081,0.716466388,-1.025669684,-0.06160288,-0.414677259,1.956269338,AMZN,Public (direct listing),-0.0058831793375479545,0.09399517263985091,0.023829581912242232,-0.48942029623732275,0.5016868661991455,0.11549105608276362,0.11500371579049404,0.16607244952366274,-0.1196691970525392,-0.008751288150934844,0.08838473116292334,0.06573042724036333,0.013944438011302431,0.054701201307728355,0.0005592954233454377,0.29659398587859476,420549000000.0,0.0035453657005485688,-0.1411195667019543,0.08508957434406213,
Internet,0.131896458,1.350833576,0.556768389,-0.869699962,1.71693558,1.408545668,-0.194515834,0.71727832,1.341064175,AMZN,Subsidiary (proxy = parent listing),-0.0058831793375479545,0.09399517263985091,0.023829581912242232,-0.48942029623732275,0.5016868661991455,0.11549105608276362,0.11500371579049404,0.16607244952366274,-0.1196691970525392,-0.008751288150934844,0.08838473116292334,0.06573042724036333,0.013944438011302431,0.054701201307728355,0.0005592954233454377,0.29659398587859476,420549000000.0,0.0035453657005485688,-0.1411195667019543,0.08508957434406213,
Internet,-2.737288751,-1.670474387,-1.915091755,-0.697337652,-0.15724773,-0.971172866,2.315668256,0.02492043,0.998231878,,Subsidiary of private parent,,,,,,,,,,,,,,,,,,,,,
Supply Chain & Logistics,-0.017863675,,-1.28694366,-1.419225439,,-0.176525216,,,,AMZN,Subsidiary (proxy = parent listing),-0.0058831793375479545,0.09399517263985091,0.023829581912242232,-0.48942029623732275,0.5016868661991455,0.11549105608276362,0.11500371579049404,0.16607244952366274,-0.1196691970525392,-0.008751288150934844,0.08838473116292334,0.06573042724036333,0.013944438011302431,0.054701201307728355,0.0005592954233454377,0.29659398587859476,420549000000.0,0.0035453657005485688,-0.1411195667019543,0.08508957434406213,
General Retail,-1.089155157,,-0.251590571,-0.389994791,,0.238792146,,,,AMZN,Subsidiary (proxy = parent listing),-0.0058831793375479545,0.09399517263985091,0.023829581912242232,-0.48942029623732275,0.5016868661991455,0.11549105608276362,0.11500371579049404,0.16607244952366274,-0.1196691970525392,-0.008751288150934844,0.08838473116292334,0.06573042724036333,0.013944438011302431,0.054701201307728355,0.0005592954233454377,0.29659398587859476,420549000000.0,0.0035453657005485688,-0.1411195667019543,0.08508957434406213,
Software & IT Services,-2.380944213,0.289173724,-1.020712516,-1.389755009,0.391519793,-0.827620349,1.908512101,0.347839629,1.110347752,AMZN,Subsidiary (proxy = parent listing),-0.0058831793375479545,0.09399517263985091,0.023829581912242232,-0.48942029623732275,0.5016868661991455,0.11549105608276362,0.11500371579049404,0.16607244952366274,-0.1196691970525392,-0.008751288150934844,0.08838473116292334,0.06573042724036333,0.013944438011302431,0.054701201307728355,0.0005592954233454377,0.29659398587859476,420549000000.0,0.0035453657005485688,-0.1411195667019543,0.08508957434406213,
Media & Entertainment,-0.828944947,1.121236841,0.146614772,-1.109535548,0.717334526,0.393792846,,0.351752175,1.362778345,AMC,Public (direct listing),-0.10657209159770568,0.5472922188377705,-0.09231988546300557,-0.8102387263857085,1.1938389851257523,-0.06864552374503091,0.027544814976747885,0.21205797101449275,-0.9093039817242237,-0.6228911054645632,-0.5518437171173491,-0.1915817182483013,-0.053186661751269945,-1.2150911867522856,-0.19637632180605658,0.1308896022380137,10821500000.0,0.0018481726193226447,0.6601019675800593,3.6572443018396967,10.348109269178812
Software & IT Services,-0.38066778,-0.148712103,0.514707092,-1.249435836,0.323446606,0.031856161,0.634141875,0.849597378,0.00658378,DOX,Public (direct listing),0.08598860821235876,0.0671674470228325,0.14525693966631395,0.20220047296228216,0.20806825183201616,0.08631218413911264,0.1774107190951879,0.0388015277392455,-0.48457185732076546,-0.5382516761525401,-0.35148952907441244,0.09019713135937316,0.0013422075626667994,0.14173327795951937,0.0014462624892446756,0.038670377653066135,6390393000.0,,0.023505833670084925,0.11033747296426626,
Industrials,-0.027172021,-1.977348363,-0.785405528,-1.307867394,0.389013595,-0.157090364,-0.43336694,-0.44236193,0.846463914,AMTM,Public (direct listing),-0.01990521327014218,0.5074626865671641,0.02488275143303804,,,0.012972214918047155,0.031617491725934796,-0.0037238613577771362,0.2777630519571259,-0.2643997804988376,-0.21499346666762953,,,0.06578947368421052,,,,,,,
Travel & Leisure,-0.239177814,,0.395929466,-1.11005695,,-0.19480705,,,,AAL,Public (direct listing),0.0019624204215340875,0.6388126631416906,0.03675644769353291,-0.32872984703712627,0.5632410241107345,0.003215024669743753,0.03212844233310712,0.10843757469524351,-0.20020182813548026,0.034467008581446246,0.16073954303902505,-0.048390141823709376,-0.029043573175635776,-0.1898518645229751,-0.05120379116667579,0.051199357161720194,66467000000.0,0.03482931379481547,0.6300054401183008,-0.19681345334820458,11.723186390453424
Specialty Retail & Apparel,-0.024514479,,0.542484556,0.378787313,,0.32246544,,,,AEO,Public (direct listing),0.11081821021944767,,0.12034222182751804,-0.4011476151746266,0.5832033752745086,0.06863703565903617,0.07502563718827841,0.09699531662565763,0.37180754120242887,0.3645827177878094,-0.18939356476651736,0.061236650399590184,-0.01987257221212773,0.04586860584438191,-0.002307921554160958,0.09101201670151289,3786643000.0,,0.1327249962107165,0.0967610060335841,10.616437360392252
Financial Services,0.822080545,0.059929012,0.145225216,0.296577537,0.230693559,0.187303624,,0.274538669,-0.487500505,AXP,Public (direct listing),0.03290505092969687,0.22516049783298953,,-0.14484911066268902,0.3561778677073575,0.037336155174651345,,0.11439853833912883,-0.021858831160765035,-0.24487024591201767,-0.16743608576897473,0.03107032703391796,0.004333312199231479,,,0.0208316177544286,188548000000.0,0.2051201815983198,0.227137700358741,0.08880260548258719,11.06663836234181
Insurance,-0.804836168,-1.771316951,-1.48557196,-1.013043985,-2.940443078,-2.148490903,,-2.447074041,0.210097024,,Private / no public equity,,,,,,,,,,,,,,,,,,,,,
Financial Services,-0.431163262,0.841275065,0.28929595,-0.41316433,0.744589942,0.816816609,,0.136156929,0.794206754,AMP,Public (direct listing),0.01982348349406995,0.06585931075727003,,-0.01282978973608373,0.3557678054301777,0.02076389268345992,,0.1051906293063849,-0.28938577056397974,-0.3977812727701455,-0.21304611432143905,0.012466409049318177,0.001607816786539268,,,0.018400038921235373,175979000000.0,,0.07731573135693255,0.28385732667109576,9.392661928770137
Life Sciences & Biopharma,0.976977414,1.182531109,0.432965163,0.302185588,0.902429225,0.460469411,0.617577834,1.773010486,0.426439623,AMGN,Public (direct listing),0.10061270557884554,0.013241464259594382,0.363408426091251,0.19206365525950164,0.21632488878576342,0.08639595932744068,0.2839333691563675,0.057553073996809534,-0.07781876080450711,-0.042254986819723284,0.014551694377508362,0.1143613895738389,-0.017497717138215317,0.3558666495706831,-0.06002303448196156,0.055046379165706094,61165000000.0,0.00142238208125562,-0.03751076346133499,0.06750035312138118,7.609862200913554
Outsourcing & Staffing,0.482192943,,0.826316799,0.790612118,,0.314478678,,,,,Private / no public equity,,,,,,,,,,,,,,,,,,,,,
Outsourcing & Staffing,2.940958605,,2.657438549,0.41384274,,0.524147195,,,,,Private / no public equity,,,,,,,,,,,,,,,,,,,,,
Specialty Retail & Apparel,-0.565372655,,-1.306439999,1.247574329,,0.609291366,,,,URBN,Subsidiary (proxy = parent listing),0.08192761042447447,,0.08981914423767516,-0.15988912779137654,0.5185126333996428,0.09742593628243881,0.09768347469298204,0.1142112717478212,0.08316311584054126,-0.24913970884981518,-0.1430788917153235,0.06772640380009998,-0.02183610486305176,0.061426858885454474,-0.007716750930626552,0.06430660248810711,3791347000.0,,0.15509141435318632,-0.027955664849190875,10.043249494911286
Insurance,-0.168575228,0.159979119,0.979834703,0.552232426,0.224868315,0.524029618,,0.869328259,-0.07686298,AON,Public (direct listing),0.07916462818003914,0.023456081358156355,0.2940139434249539,0.048681302468358334,0.28053377737798346,0.07585875108245935,0.2827976667047924,0.06449566504546422,-0.4259507066380426,-0.34667114285515477,-0.2583416646014529,0.050911181409508156,-0.00638962241573566,0.20655640180332427,-0.012769617445983142,0.05332798943607531,31917000000.0,0.2942632452924774,0.009321793516626315,0.17781824934864185,4.787491742782046
Outsourcing & Staffing,-0.142990882,,0.56702215,0.733773297,,0.79365639,,,,,Private / no public equity,,,,,,,,,,,,,,,,,,,,,
Software & IT Services,2.097806233,-3.271919728,0.926175976,-0.920588475,0.811883231,0.671815895,,0.237755363,1.199320615,,Private / no public equity,,,,,,,,,,,,,,,,,,,,,
Tech Giants,-1.606702686,0.165275352,-0.069141472,-0.017995295,1.102337403,-0.112597686,-0.022107674,-0.266612982,1.424627506,AAPL,Public (direct listing),0.2829244092925685,0.0779378760418461,0.30288744395528594,-0.24940918271510826,0.35610521258951056,0.3402226748038845,0.32643396050876966,0.16595182415922993,0.09990844885697214,0.27117869507544534,0.08678060456188308,0.2232880696250013,0.045156926731453634,0.27197613366498496,0.02278524479423975,0.15521750904745932,352755000000.0,0.031545973834531046,0.011408536136006278,0.29367121856107614,12.007621706806336
Restaurants & Fast Food,-0.127668732,,0.319481334,0.39853726,,0.612084647,,,,DIN,Subsidiary (proxy = parent listing),,,,,,,,,,,,,,,,,,,,,
Outsourcing & Staffing,0.019571007,,-0.006569056,-0.724814979,,-0.860933003,,,,ARMK,Public (direct listing),0.01289473398063814,0.13155659759266825,0.030348786160336295,0.1369286890549526,0.3315663863859933,0.026460597846226272,0.04315243492182831,0.14676332426486782,0.09153724466196667,0.036535680218972466,0.266372385056141,0.0032882141036380333,,0.023087941110441053,,0.13155659759266825,15082436000.0,0.5161890294114293,,0.004185294514910935,12.520427076897768
Restaurants & Fast Food,0.46402913,,0.454263793,-0.805451269,,0.811985893,,,,,Subsidiary of private parent,,,,,,,,,,,,,,,,,,,,,
Business Services,2.733940247,-1.035334799,0.597732209,-1.907235745,0.61993692,0.69181817,,0.344229088,0.840609412,,Private / no public equity,,,,,,,,,,,,,,,,,,,,,
Specialty Retail & Apparel,-2.868733847,,-3.666976316,-0.666799099,,-1.013557278,,,,ATZAF,Public (direct listing),0.11014919422204066,,0.15791132253467413,,,,,,1.4935021718988906,0.9351615532920299,0.7816199300723792,0.11014919422204066,,0.15791132253467413,,,1424586000.0,0.3536402856689593,,,
Grocery Stores,-0.105816475,,0.36003875,0.178568102,,-0.595146792,,,,,Private / no public equity,,,,,,,,,,,,,,,,,,,,,
Specialty Retail & Apparel,-0.858432429,,-0.259945953,-0.248087751,,0.206803984,,,,,Private / no public equity,,,,,,,,,,,,,,,,,,,,,
Specialty Retail & Apparel,0.316380686,,0.367069909,0.965561759,,-0.173065679,,,,ASOMY,Public (direct listing),-0.010277286529413728,0.006648766142437035,0.008484694525593802,-0.7993155725861583,0.7844349866983765,,,,-0.3939760910788065,-0.41477010406720305,-0.18977492168341914,0.017118247010904163,,0.02854870194889842,,0.006648766142437035,2996900000.0,0.2856284827655244,,-0.27483244272624724,
Insurance,0.989953992,-0.665019911,-0.337867607,-0.221958083,0.690516911,-0.207261497,,0.323258648,0.897584753,AIZ,Public (direct listing),0.008352130155538042,0.0005300561466881071,,-0.19458436975517823,0.29686947039022243,0.027906178657297647,,0.11258945998698766,-0.09455939191618512,0.03745134023888452,0.015148674007755991,0.01966769694767426,0.015915881114087375,,,0.004992983760254921,33911500000.0,,-0.0001315298042790532,0.021985218369179993,9.655026193237628
Outsourcing & Staffing,-0.57254737,,-0.191267206,0.043347681,,-0.085585429,,,,,Private / no public equity,,,,,,,,,,,,,,,,,,,,,
Life Sciences & Biopharma,-0.958265276,-0.065924815,0.723610277,0.312084852,0.049777156,0.111460763,1.409287356,-0.537738537,-0.311326166,AZN,Public (direct listing),0.034078542333882654,0.18531683459390114,0.10173389551532096,0.20599403125009252,0.27506056776388194,0.09133849268188682,0.23685037806714207,0.12511039152193115,0.25692480514195704,0.08542449071417435,-0.026349416868908904,0.0010629917523229217,,-0.0037148889542186706,,,105363000000.0,0.29125974013648054,,0.1318043519486217,5.225746673713202
Insurance,-1.245736045,-0.544860122,-1.361180224,-1.523955957,-0.710210938,-1.484825298,,-0.754647439,1.189034493,,Private / no public equity,,,,,,,,,,,,,,,,,,,,,
Telecommunications,-1.146337177,0.507534906,-0.848402926,-1.441658665,0.055694004,-1.112321383,,-0.12512813,0.576881689,T,Public (direct listing),-0.02115908284163206,-0.09920321102970797,0.18975327353591573,-0.01697759342532168,0.27337553048565283,0.05333676715244274,0.198968547052082,0.036163229921357454,-0.2144237116467136,-0.34016229197690084,-0.2081096873631988,0.01725349347439223,0.005600922806000839,0.10994419938247786,-0.008011905637307672,-0.03446062298721375,551622000000.0,0.30663570343459834,-0.1164601514490548,-0.08091825934945059,9.392661928770137
Specialty Retail & Apparel,-0.089919346,,1.873310265,1.384596065,,0.921393749,,,,GAP,Subsidiary (proxy = parent listing),0.020061123736384297,,0.04859028194361128,-0.325623925807236,0.5979125676827692,0.07807649386222988,0.08441558441558442,0.009818076812012633,0.04047240284689235,-0.2675779880611082,-0.14056529061969048,0.030508937092382653,-0.0387608557110975,0.025827499305417407,-0.019817073619780756,0.012808599201115508,12761000000.0,,0.10992639988815016,-0.0786516967224918,11.48246625748552
Software & IT Services,0.068900338,-0.397432688,0.350770668,-0.867618692,0.089696685,0.033488521,-0.36518918,0.512491071,0.098018969,,Private / no public equity,,,,,,,,,,,,,,,,,,,,,
Software & IT Services,1.120634035,0.646464409,0.995772184,1.212603122,-0.533711933,0.374721959,-0.759160303,0.13541062,-1.797364908,ADSK,Public (direct listing),0.05774369699082142,,0.1409028727770178,-0.3042249913259214,0.4747915811990901,0.12597679374852,0.27001465299054217,0.18432333129210043,-0.33931701693388217,-0.4942031584434067,-0.4056647819289039,0.0603346160915934,0.03557445710586118,0.10044939829077087,0.05127983630915987,0.19633555525543311,8606800000.0,0.3078960821675884,-0.058453253215804295,0.0771797311790637,9.441452092939569
Specialty Retail & Apparel,-1.550264403,,-0.657136239,-0.655691012,,-0.285419076,,,,AN,Public (direct listing),0.13692257224370508,0.0441495124593716,0.07419307022419863,-0.06630096983307865,0.43912110787769926,0.04782784792294011,0.04649530245770757,-0.020671409781178984,-0.06543751658038999,-0.3161702196406192,-0.29856174094894805,0.07826469625955575,0.05541823259336833,0.04661657475049705,0.01751220301607293,0.11157964529666053,8943600000.0,,0.04423714134006662,0.3611804954571724,10.00784756786037
Specialty Retail & Apparel,0.389127219,,-0.009568849,-0.884160659,,-0.063882722,,,,AZO,Public (direct listing),0.15905709725334324,0.11091531304544855,0.20124801334955264,0.19581957077221968,0.2984385675122557,0.12503252633927117,0.18024668169421573,0.08435985708074578,-0.33895490010999574,-0.4470375875176654,-0.4473197953229072,0.1480340302770249,0.0016265622125566433,0.19517823544589816,0.0053224989518192425,0.11126971485271457,15275043000.0,,0.02308069083828126,0.32609211938437827,6.415096959171596
Software & IT Services,0.127447744,-0.423828141,0.343388236,0.555148551,-0.083555488,-0.190089481,-0.267421677,0.957714287,0.923552789,,Private / no public equity,,,,,,,,,,,,,,,,,,,,,
Insurance,-0.207596362,1.606210088,0.597814873,0.698342718,0.041725878,-0.003319385,,0.13331381,-1.25287717,AVVIY,Public (direct listing),-0.003394889254254917,-1.5923118898926818,,-0.10251734729461526,0.3598225291341131,,,,0.09837036974807134,-0.20648704422345188,-0.22993907277062853,0.005586433434491538,,,,,351924000000.0,0.02086814198520135,,0.028021433831196412,
Insurance,0.157011478,0.907422104,0.660498369,0.500433945,0.633101518,0.27791854,,0.608053269,-1.081735916,AXAHY,Public (direct listing),0.007928165587594403,-0.27066396877126386,,-0.0338991060643844,0.32181766989497057,,,,-0.04236339781505705,-0.23470105655718676,-0.11625844632341265,0.009974687214102955,,,,,731251000000.0,0.09816191704353225,,0.06681836980761428,
Outsourcing & Staffing,0.849967848,,0.103064984,0.767712532,,0.596914627,,,,,Private / no public equity,,,,,,,,,,,,,,,,,,,,,
General Retail,-1.039224814,,-0.794654744,-0.172993378,,-1.338054357,,,,BMRRY,Public (direct listing),0.1159978009895547,,0.13053712818317997,-0.38590483578148427,0.4235338525589971,,,,-0.5836447510468739,-0.6567537261368663,-0.4937928258743599,0.1159978009895547,,0.13053712818317997,,,3638000000.0,0.622869708631116,,0.15702780258719218,
Industrials,0.894728392,-0.428412005,-0.076724145,-0.3428248,0.549207519,0.041783689,-0.709894131,-0.713144397,-1.184216707,BAESY,Public (direct listing),0.05056894030894412,0.08898109727985237,0.09930379151378305,0.43103673297344547,0.2934276283286322,,,,0.28670528247707416,-0.16304592824522057,-0.1311116106789636,0.06478717523493643,,0.09727985246657446,,,27135000000.0,0.23423622627602728,,0.1772135124888328,
Business Consulting,-1.353256493,1.039729695,1.320038434,2.328279828,1.520183746,1.428968755,,1.635764819,1.135438869,,Private / no public equity,,,,,,,,,,,,,,,,,,,,,
Business Services,0.443750306,-0.757470785,0.276479893,0.878769248,0.337780658,0.398739046,,1.335795336,0.222869192,,Private / no public equity,,,,,,,,,,,,,,,,,,,,,
Specialty Retail & Apparel,0.541025056,,0.763019415,0.306734394,,1.294567335,,,,GAP,Subsidiary (proxy = parent listing),0.020061123736384297,,0.04859028194361128,-0.325623925807236,0.5979125676827692,0.07807649386222988,0.08441558441558442,0.009818076812012633,0.04047240284689235,-0.2675779880611082,-0.14056529061969048,0.030508937092382653,-0.0387608557110975,0.025827499305417407,-0.019817073619780756,0.012808599201115508,12761000000.0,,0.10992639988815016,-0.0786516967224918,11.48246625748552
Financial Services,-0.573314902,0.652341233,0.1192336,-0.574160735,0.677875349,-0.118439715,,0.388649761,0.458846021,BAC,Public (direct listing),0.009021506697800172,0.06550110533816622,,-0.30671076087047966,0.32188621384820526,0.009219080183194934,,0.07168902892342555,0.10249768693091843,-0.1470309609770668,-0.10905454124136815,0.009234894457065115,-0.0005899224962712424,,,-0.010364558687803338,3169495000000.0,0.08837906354166832,0.06407316018300481,0.039063073121604695,
Financial Services,1.027042575,-0.013664461,0.759550964,0.289126555,0.498592272,0.541473449,,0.41095953,-0.339970005,BKRIY,Public (direct listing),0.0056407567904757485,0.04665111629456842,,0.5960696688736533,0.5874803584248754,,,,0.46584481605598627,0.24984731227220003,0.09881402646498261,0.006749620011850478,,,,,155268000000.0,0.15157662879666126,,0.26648785114694906,
Financial Services,0.081170727,1.315003316,0.767920233,1.010090759,0.976538168,0.440569474,,1.366070001,0.237486882,NTIOF,Public (direct listing),0.00838163174320107,0.08030098831985621,,-0.10033972486807252,0.28404136825882753,0.007839720884178407,,0.06823787338996978,0.41244762685513914,0.21695573627269593,0.23736063618444914,0.00860562827019342,,,,0.08030098831985621,403740000000.0,0.11115321741714965,,0.12990781884571434,
Financial Services,0.192062453,0.130628053,0.566481522,0.292772598,0.176344513,0.017147916,,0.282276114,-1.112668172,BCS,Public (direct listing),0.003916234337209709,0.13970119340439102,,-0.2825847139954415,0.4124318988127228,0.00448567793302534,,0.05889220391749905,0.42376639919414094,0.1289847512876212,0.06677066462192704,0.0050632637065344205,,,,,1384285000000.0,0.12034371534763434,,-0.006070269234743075,11.06819964290876
Specialty Retail & Apparel,0.320014691,,0.91301847,0.591588149,,1.313643072,,,,,Private / no public equity,,,,,,,,,,,,,,,,,,,,,
Industrials,0.023459634,0.055722094,-0.332929496,-0.483012634,0.461813616,-0.263591589,-0.794351305,0.341427352,-1.4333769,BASFY,Public (direct listing),-0.007422577895634056,0.11105880556757164,0.084292372347613,-0.29229993882271266,0.4007449730224108,,,,0.0684111527005502,0.008924536984987963,0.08425686024757706,0.0632045134637172,,0.10014249726456144,,,87383000000.0,0.21898996372292093,,-0.07392871486256018,
Restaurants & Fast Food,1.635690759,,0.518931463,-0.517004501,,0.939951416,,,,,Subsidiary of private parent,,,,,,,,,,,,,,,,,,,,,
Specialty Retail & Apparel,0.302506081,,-0.400836689,0.010605947,,-0.721673263,,,,,Private / no public equity,,,,,,,,,,,,,,,,,,,,,
Specialty Retail & Apparel,-1.261564037,,0.824889975,0.579445922,,0.546892567,,,,BBWI,Subsidiary (proxy = parent listing),,,,,,,,,,,,,,,,,,,,,
Life Sciences & Biopharma,0.186777707,-0.564184765,-0.615512135,-0.897003368,-0.364245621,-0.558244478,-1.526257665,-0.235436413,-0.383835675,BAX,Public (direct listing),-0.08601124191324637,-0.1719907788572369,-0.003281296609326837,-0.4096301968203544,0.3061655870218137,-0.05355183261394396,0.016342756183745585,0.028952380952381063,-0.7262205706550533,-0.6298691451491891,-0.333107234563098,0.049457737731657986,-0.00835840772816711,0.14271951408300124,-0.011098753414482757,0.061274422763001435,33521000000.0,0.5296381372870738,0.07740445475213185,-0.12383911536658405,11.002099841204238
Life Sciences & Biopharma,1.210592672,-0.32112866,0.712385449,1.034662024,-0.763629083,0.499849069,-0.109789304,0.716877851,-1.425684831,BAYRY,Public (direct listing),0.03323270097776212,0.15104013066854205,0.14452393622262955,-0.0415966052328115,0.3446362165182388,-0.020439360938162874,0.16230493788957165,-0.02423933614791085,0.7592732100205146,0.11851797052139257,0.07799686793530758,0.008316630766543858,,0.156734193870375,,,120241000000.0,0.3287647308322452,,-0.11627781718782988,
Media & Entertainment,0.412236743,0.966037071,0.653596235,0.164407873,0.337817999,0.466560122,0.984461573,0.475395382,-2.123731666,,Private / no public equity,,,,,,,,,,,,,,,,,,,,,
Business Consulting,-1.296793438,0.922563324,1.492334855,1.045789254,1.028631306,0.894229816,,0.633161742,0.650024745,,Private / no public equity,,,,,,,,,,,,,,,,,,,,,
Life Sciences & Biopharma,0.826930584,-0.003146179,0.029537267,0.48777176,0.180367282,0.294670046,-0.430989877,-0.212297718,-0.925957039,BDX,Public (direct listing),0.03360788906940718,-0.013642778736082772,0.13116057233704292,0.03187155533205632,0.2430411244007118,0.021083835108846687,0.14476270710474587,0.05223214285714284,-0.33571339017779356,-0.16479531030618388,-0.14657570054201208,0.02811144387803452,0.005202164371580109,0.11191473793697423,0.010895770036509858,0.03495189311137722,52934000000.0,,-0.02902516030832645,-0.002997242688375571,11.25156070083582
Business Services,-1.090291848,1.200533411,0.811502332,1.337448982,0.994016955,1.263342201,,1.465587332,0.72031226,,Private / no public equity,,,,,,,,,,,,,,,,,,,,,
Outsourcing & Staffing,-0.431419737,,0.397904897,1.687961526,,0.91578315,,,,,Private / no public equity,,,,,,,,,,,,,,,,,,,,,
Specialty Retail & Apparel,1.763140457,,1.332281927,0.81796155,,0.837354238,,,,BBBYQ,Public (direct listing),,,,,,,,,,,,,,,,,,,,,
General Retail,-0.626948258,,-0.367690894,-0.04073867,,-0.629250581,,,,,Private / no public equity,,,,,,,,,,,,,,,,,,,,,
Telecommunications,0.125859789,1.024096376,1.156577933,1.002547308,1.445626478,1.314047869,,1.64146125,-0.659996762,,Private / no public equity,,,,,,,,,,,,,,,,,,,,,
Specialty Retail & Apparel,0.148204931,,0.741159229,0.399781066,,0.316868517,,,,BBY,Public (direct listing),0.1401965265082267,,0.058055292594810765,-0.1828863860484793,0.45384544889386386,0.07422198412311888,0.04259436215957955,0.019276833580472275,-0.20378293177731965,-0.08679396972219178,-0.10167275599861902,0.11170355656887307,0.007561083073569478,0.04991276896020147,0.004775673818357895,0.06531353784163008,17504000000.0,0.0007426873857404022,0.03874589138753141,0.010557734923809958,
Travel & Leisure,1.016974604,,1.144812435,-0.61662224,,2.411744251,,,,,Subsidiary of private parent,,,,,,,,,,,,,,,,,,,,,
General Retail,0.678309803,,0.941139014,-0.303729597,,0.398691795,,,,BIGGQ,Public (direct listing),0.045267773683029845,,0.038828550631539706,-0.6798787994291209,0.7304120827923323,,,,-1.2965767093339204,-1.2083663054714409,1.1950487472379772,0.045267773683029845,,0.038828550631539706,,,3927253000.0,0.46250063339438535,,0.015009817081232538,
Consumer Products,-1.057968198,-0.916565442,-0.834503848,-1.534407686,0.74677737,-1.632064242,,-1.897422076,0.752078655,,Private / no public equity,,,,,,,,,,,,,,,,,,,,,
Life Sciences & Biopharma,0.848448959,-2.233156781,1.087380073,1.117588399,-2.507716444,-0.661067876,1.453897616,0.835456499,-0.0028385,BIIB,Public (direct listing),0.1240892559694715,-0.07360426892011251,0.28524387127214107,0.1785042178803964,0.46019605298770194,0.047119919835343034,0.2318111377221406,0.019251336898395754,0.17129972777383418,0.27051452137105647,0.13262728247688438,0.1479627227949439,-0.07552281516370143,0.3623100850779308,-0.11557269344625526,-0.12405045581371865,23877300000.0,0.26276002730626996,-0.004346073421924764,-0.015342190615143894,
Restaurants & Fast Food,0.511884746,,-1.414195347,-0.359801013,,-1.477319648,,,,BJRI,Public (direct listing),0.0038970401234508885,0.1811233829912109,0.0005607799826469749,-0.20865280290936472,0.5664233554534824,0.04367517487303671,0.03210383240696786,0.02915456084236423,-0.13879163701560993,-0.21019398556345892,0.40080621004838224,0.014292825091034286,-0.03799405620002682,-0.008093253698278574,-0.042586143767972914,0.03547990299784435,1035166000.0,0.04830143184764569,0.17823163209582985,-0.10335839803461018,9.95227771670556
General Retail,0.28429722,,-1.829659923,-1.203191492,,-2.04435588,,,,BJ,Public (direct listing),0.07526194703940486,,0.03793205403010037,0.0205732196323265,0.4190873065875347,0.0756308235964172,0.039121585049795154,0.09857740871562015,-0.4603818394853485,-0.439654812558393,-0.19866344923102364,0.05696746238132254,0.01502092182580877,0.03217511992066513,0.005605792073996033,0.08801591574671819,5668894000.0,0.0,0.03304511823652319,0.4834104388310843,
Financial Services,-0.877537395,0.302001114,0.446171472,-0.050728214,0.51718978,0.294197945,,0.582836982,-0.034228038,BLK,Public (direct listing),0.04402013126126433,-0.07747496644988128,0.3623342471884966,-0.1892818165656226,0.3659726594431637,0.038528643166555535,0.3270145877213511,0.2695223654283547,-0.10987371281260261,-0.22825041212161223,-0.2112316643251152,0.038657565117132225,,0.3845359760503768,,,152648000000.0,0.06104239819715948,,0.18889756624954301,
Financial Services,2.018317501,1.099573778,0.971805038,0.024544709,-4.425877357,-0.845729065,,-0.000323525,-0.112904682,XYZ,Public (direct listing),-0.017240821901560816,-0.0073390244141353644,-0.001555934439934046,-0.5875482737691499,0.8874559751383556,0.020750677949675164,0.11744055064285595,0.04938688061740226,-0.1321107441484679,-0.12724070065808446,-0.10667676745682075,0.03867523719293736,-0.03527602563561835,0.004258526362483143,0.001744063160338486,0.9372608366990237,13925764000.0,3.267325225387993e-05,-0.5111563054605777,0.5076894151615959,
Software & IT Services,-0.609231255,0.309817672,-0.242041428,0.255953132,0.988043026,-0.301895105,-0.647224801,0.009950798,-0.336946854,,Private / no public equity,,,,,,,,,,,,,,,,,,,,,
General Retail,1.012921489,,-1.712845339,0.006776412,,-0.63493367,,,,M,Public (direct listing),0.08129619101762366,,0.09012165833300524,-0.21678242168909256,0.6427762970268556,0.041007381942632634,0.03868838028169014,0.020655122052994024,0.4014463439039946,0.5814640008894554,0.09630252682308482,-0.014271957386755341,-0.017867885303751337,-0.013203368508482204,-0.021805619975217898,0.03331154571376175,17590000000.0,0.18499147242751562,0.2132912319649731,0.2837716658639431,11.394783614947668
Industrials,-0.336879948,-1.568567098,-1.622033504,-0.997587396,-2.353012729,-3.389379995,0.285773078,-4.672975942,-0.608506084,,Private / no public equity,,,,,,,,,,,,,,,,,,,,,
Financial Services,-0.005356191,0.575044582,0.768455238,0.356715365,0.821967558,1.206167565,,0.944619682,0.576535559,BMO,Public (direct listing),0.011882910711824712,-0.024155487011780497,,-0.16367635071374365,0.25800753262413717,0.006635492829051334,,0.09860615136505002,0.26466266832525287,0.24656405372014967,0.11364458906920549,0.009864849491566467,,,,-0.024155487011780497,1139199000000.0,0.1954364426232818,,0.1286876380587381,
Industrials,-0.921998841,1.499090546,0.428289105,0.247208388,1.253661258,0.966135579,0.437836395,1.090916483,1.244203915,BMWYY,Public (direct listing),,,,,,,,,,,,,,,,,,,,,
Financial Services,0.663210325,0.877417145,0.360633629,0.617372789,1.095322851,0.414925895,,0.527993476,-0.526308433,BNPQY,Public (direct listing),0.003697046417303739,0.019909502262443368,,-0.1533117548774845,0.4137185407275118,,,,0.09819829678887859,0.006586959051104513,0.059421627707199054,0.003601518954284092,,,,,2634444000000.0,0.10599807777276724,,0.05245987446958696,
Supply Chain & Logistics,-2.139216338,,0.1014331,-0.281521537,,-0.936891323,,,,BRK-B,Subsidiary (proxy = parent listing),,,,,,,,,,,,,,,,,,,,,
Financial Services,-0.005223633,-0.343778385,-0.113669761,-0.754238433,0.071379031,-0.782546677,,-0.229341273,-0.287938709,BNY,Public (direct listing),0.00629893317364207,0.03537388856905266,,-0.24806711406553017,0.3153558190741309,0.012073461575464198,,0.13846810326434822,0.36652210606181646,0.3306505041439738,0.1843494888940711,0.009266759454195738,-0.0015913872385137549,,,-0.01597349382604618,444438000000.0,0.05834559601114216,0.033861794844966854,0.031432096174024836,3.912023005428146
Restaurants & Fast Food,0.130891715,,0.58468497,-0.125951048,,0.221948981,,,,,Private / no public equity,,,,,,,,,,,,,,,,,,,,,
Specialty Retail & Apparel,0.463851824,,0.716952377,-0.140322884,,0.694257349,,,,,Private / no public equity,,,,,,,,,,,,,,,,,,,,,
Industrials,0.802756242,0.269593684,-0.207458639,-0.875323723,0.123264176,-1.109427024,-1.102515868,-0.898227736,-1.710686577,BA,Public (direct listing),-0.03599562363238512,0.0693895899560093,-0.05268135959644487,-0.10879132972576899,0.4696992669084305,0.014215759247216629,-0.05891477913737742,0.13956709068526885,0.18291918661522466,-0.13455019607198304,-0.064167304828056,-0.030327963508285698,,-0.05389654175898276,,,138552000000.0,0.4212858710087187,,-0.14814842201032022,10.757902880692196
Industrials,0.372340654,0.957653677,1.19471143,1.289039787,0.647088531,0.959108567,-0.434476252,0.728098268,0.345788054,BDRBF,Public (direct listing),-0.012009087958455048,0.1360723089564504,0.06813250397801245,0.14624649910489307,0.724037868649414,0.07004690975012615,0.11508101371001246,0.047837483617300114,2.0136207477549273,1.203716140732828,0.4573471855847062,0.39493889062989657,,0.038126540673788005,,,12764000000.0,0.5520996552804763,,0.6635326081197053,
Internet,-0.583287811,1.223469746,1.906262309,1.979017842,0.958146338,0.844768325,0.000411443,1.847444028,-1.310593546,BKNG,Public (direct listing),0.1205788415283309,0.5595911662712174,0.29853715623171445,-0.19073899125457394,0.4276596722923661,0.21144133310427762,0.3427962581717051,0.16169676606467864,-0.320870005691798,-0.5016323781563583,-0.35269827535192255,,,0.16323413075321921,-0.06349677165438437,0.03175048816011977,23641000000.0,0.08413349689099446,0.5542546299960903,0.00033594475001637775,9.918376165029878
Internet,-1.605690573,-0.264763298,0.174541725,0.329479127,-0.976901563,-1.464622625,2.241857464,0.288584518,-0.238771902,SNAP,Public (direct listing),-0.17804922275727444,0.11775403152938702,-0.3032056476453911,-0.7987395661090739,1.2268335838476498,-0.05436381307925273,-0.06770027526557641,0.12145828580482787,-0.717611626252694,-0.6256711377258568,-0.39768776303021136,-0.17015012384399505,0.09644985809650077,-0.38586141648879707,0.23630620320297688,0.5518002793084726,7536306000.0,0.2989643732619137,-0.17169025949775524,0.374795747188943,8.64135583403666
General Retail,-1.133078227,,0.336669654,0.331538565,,0.021873355,,,,,Subsidiary of private parent,,,,,,,,,,,,,,,,,,,,,
Business Consulting,1.529761625,0.470816643,0.727691348,1.111238162,0.58200344,0.739061848,,0.038459999,-0.712898195,BAH,Public (direct listing),0.07745982748534372,,0.08192319188875737,0.2147965967803398,0.2854567333138963,0.11947213252842903,0.09209235981100115,-0.06442051389972592,-0.5230786447332086,-0.4842816955832867,-0.35554983323138145,0.09952008426637335,-0.008523368809626567,0.089356681210969,-0.001746693190202407,0.07683262157355368,6025575000.0,0.01134812860183468,-0.024553765637355743,0.147717725890861,10.28534279500516
Industrials,0.301646685,0.871235197,1.428273316,1.466735419,1.036768599,0.956386245,0.641611871,1.052703047,-0.538213491,,Private / no public equity,,,,,,,,,,,,,,,,,,,,,
Life Sciences & Biopharma,0.444209935,0.625738067,0.877542476,1.107810924,1.38230117,1.217494498,0.07295352,0.982458844,0.479766957,BSX,Public (direct listing),0.021497428316240106,0.06679004037685066,0.16038479735057562,0.06973574902720125,0.2729237110197916,0.08276742701259504,0.19917535774921175,0.11580527557366493,-0.6303193471025796,-0.775305014343004,-0.6342676769695736,0.06113547594741097,-0.060735275157539875,0.07806480370698148,-0.02027430290223374,0.06133068454755247,32229000000.0,,0.0716810006262336,0.023515994635527376,10.621327345686446
Financial Services,0.886080083,1.682648429,2.048744055,2.785188569,0.387850571,2.359400973,,1.094308554,1.321362494,BFH,Public (direct listing),0.008777108670838744,0.1834862385321101,,-0.46738429696618233,0.5317499334522368,0.02539940794974352,,0.04948453608247427,0.3699733066231199,0.3046891434496559,0.49927781559997264,0.03683436034213189,,0.3192660550458716,,,21746000000.0,0.3485238664581992,,-0.19438477054650516,8.699514748210191
Industrials,-0.85429732,0.308801404,-0.467573891,0.21643279,-0.323409316,-0.200651518,-0.21277672,-0.320766162,0.778595597,BRDCY,Public (direct listing),0.060518483423592305,0.26617308322065814,0.10737019077533959,-0.18220752114774108,0.2684999236094292,,,,-0.14678950080983566,-0.19601628285894668,-0.21507475717815305,0.0861303392517244,,0.11607898444173963,,,4574892000000.0,0.1773023275740717,,0.007916526994166636,
Life Sciences & Biopharma,0.465983723,0.11783685,0.113512355,-0.675224536,-1.48653793,-0.198484459,-0.164346559,0.664022344,-0.711002384,BMY,Public (direct listing),0.06534806858087172,-0.004872264740756749,0.19723130917047596,0.17835130968290036,0.19767958178825812,0.07905911502693715,0.28032506239300375,0.02571199000089286,-0.18271031825510975,0.027308129225658284,0.1110443687076299,0.004785974430260714,0.018757789654989043,,,0.35859400094694915,109314000000.0,0.043580877106317584,-0.3155552756100163,0.0829917994466894,10.3797217315325
Travel & Leisure,-0.11759389,,-0.148395287,-1.811218052,,-0.558353429,,,,ICAGY,Public (direct listing),0.010966084013942955,1.7280898876404494,0.06056533425821556,-0.29222678992460116,0.5161613861487463,0.07984799631506219,0.15556221889055472,0.0194491766042022,0.4432192620147086,0.016102727060865574,0.011040143132662994,-0.08524675928617102,,-0.32868125369603785,,,34406000000.0,0.5699587281288148,,-0.34358435290626393,
Tech Giants,0.255096199,-0.395922476,-0.333961741,-0.339600243,-0.044536393,0.266096345,-0.830208198,0.133124603,0.124299995,AVGO,Public (direct listing),0.15693047004054664,0.20958105646630232,0.4301418546516881,-0.10397685929246137,0.37329626314951253,0.17100094200130073,0.44064135692042666,0.47873900293255134,0.7406352397007581,0.46089303444779106,0.20717826718729127,0.15693047004054664,,0.26480374935027295,0.09703585156108169,0.13860835307109656,73249000000.0,0.005501781594287976,0.0762247894182709,0.3005128910707841,
Telecommunications,0.339855721,0.534352271,0.636854164,0.248285305,-0.817867251,0.455721561,,0.090335655,-2.964049431,BTGOF,Public (direct listing),0.02559569253023667,,0.15899280575539568,-0.3867808391513594,0.44533104970174636,,,,0.07025459350360563,-0.07914592215663863,0.06653488042412592,0.02559569253023667,,0.15899280575539568,,,49774000000.0,0.4408928356169888,,-0.14177342274486507,
Grocery Stores,-1.793271508,,-3.092096451,-2.395308474,,-1.954412117,,,,,Private / no public equity,,,,,,,,,,,,,,,,,,,,,
Restaurants & Fast Food,-0.18874768,,-1.149765023,-0.429615286,,-1.255137629,,,,,Subsidiary of private parent,,,,,,,,,,,,,,,,,,,,,
Specialty Retail & Apparel,-0.307573597,,-1.281239169,-0.841616453,,-1.125847001,,,,BURBY,Public (direct listing),0.10711387611576954,,0.19072894550601557,0.027916815537805784,0.391462390268045,,,,0.43221556091332825,-0.2641608119517933,-0.1370398084890272,0.10711387611576954,,0.19072894550601557,,,3697000000.0,0.3789559101974574,,-0.044596113626693835,
Restaurants & Fast Food,0.337920275,,0.870986173,-0.270303299,,0.312391924,,,,QSR,Subsidiary (proxy = parent listing),,,,,,,,,,,,,,,,,,,,,
General Retail,-0.413086246,,0.483875767,0.059717092,,0.171223538,,,,BURL,Public (direct listing),0.05766813602006231,,0.08242178717254707,-0.24575087740765533,0.603658968662663,0.0646662089383847,0.07328628882562482,0.1407500738811991,0.13201986793285259,0.1298896268149421,0.1435506248058609,0.06089563963689103,-0.034615109664340456,,,0.16774757326348252,7089513000.0,0.2156606525723276,0.2625190826966354,-0.0022267318997254795,11.041240422941955
Software & IT Services,0.244090315,0.368856278,0.117250095,0.331277613,0.963669426,1.471904156,-0.291836545,-0.291492427,1.880313298,CACI,Public (direct listing),0.05532812695388186,0.026270425792938035,0.08001541855227146,0.09363636655336971,0.2745947182085709,0.05668319640196577,0.09323480229875675,0.08491994857363827,0.16999423877622521,-0.17410030650615083,-0.14148720957297267,0.05991410564799255,0.002545100831228806,0.08126600212766055,0.0021940786472610966,0.07669059603641452,6629431000.0,0.004619551813722776,-0.06043586858392272,0.06853177567063862,9.998797732340453
Industrials,0.707933917,-0.405460184,-0.114845251,0.792219353,-0.593159367,-0.004181131,0.108749413,-0.268530516,-0.082838014,CAE,Public (direct listing),0.014793084728776048,,0.10094029009580874,-0.2510721237199258,0.5011175309151351,0.028372907543378335,0.12667887667887667,0.04022267523914058,-0.06278162530240561,-0.34575209171514,-0.246439230022639,0.014793084728776048,,0.10094029009580874,,,9578800000.0,0.3180147826450077,,-0.0842386525639826,
Travel & Leisure,1.100966006,,-0.419260611,-0.936018654,,-0.802478992,,,,CZR,Public (direct listing),-0.026814209443135385,0.1307210031347963,0.17198040846502172,-0.5205898130295501,0.7017994076171967,-0.015194116587432742,0.18093755405639161,0.027201145311381625,-0.19952405024056707,-0.25527887959611073,-0.01882395341934706,-0.02024086333638234,-0.02057720133004609,0.06297512695813318,-0.004798404194401083,1.064411543543645,38031000000.0,0.0018406037180195105,-0.12167625786586886,-0.0002089958346247478,10.043249494911286
Restaurants & Fast Food,-1.952340283,,0.900169368,1.232786977,,0.857476512,,,,,Private / no public equity,,,,,,,,,,,,,,,,,,,,,
Insurance,0.275995959,-0.044806459,0.457010676,1.130629291,0.358909045,1.001800864,,0.70866601,-1.897989007,GWLIF,Public (direct listing),0.005542943680954945,-1.041786273992583,,-0.1939057466449977,0.25504987927837913,,,,-0.02780891280707465,0.3634333930285272,0.3196806015899214,0.005288123283629514,,,,,616854000000.0,0.014272421026693512,,0.04616720817001526,
General Retail,1.991935488,,1.850033131,2.341100341,,2.103799083,,,,CDNAF,Public (direct listing),0.04723942757088629,0.09320468202380305,0.10535299203844901,-0.24471090184324662,0.3517744659558081,,,,0.05610100600288859,-0.29168851778164184,-0.06073496965811365,0.05171955123794846,,0.11667618048011,,,21802200000.0,0.3251919531056499,,0.02508396215037186,
Business Consulting,0.833618939,-0.144253338,0.851414158,0.737058186,-0.957472649,0.740606967,,-0.011047142,1.897149296,,Private / no public equity,,,,,,,,,,,,,,,,,,,,,
Software & IT Services,0.079177619,-0.163298994,0.77445877,0.076012594,0.843507265,0.464312788,0.208038151,0.602350489,0.475613438,,Private / no public equity,,,,,,,,,,,,,,,,,,,,,
Business Services,0.728731681,0.050137294,-0.276695004,-1.237334474,-1.078575206,-1.66074815,,-0.792660548,-0.39230943,,Private / no public equity,,,,,,,,,,,,,,,,,,,,,
Financial Services,0.042562879,0.281703966,-1.09466987,0.608482768,-0.064802911,-0.251064614,,-0.797348918,-1.525364437,,Private / no public equity,,,,,,,,,,,,,,,,,,,,,
Financial Services,1.160738877,0.173679332,-1.176290542,-0.219643349,-0.308082528,-0.746733885,,-0.078658164,-0.18640771,COF,Public (direct listing),0.016166976753381117,0.12534910464925253,,-0.39763034434006383,0.42500436600416064,0.00482348015664712,,0.5230999999999999,-0.12438552792462287,-0.3501457599707086,-0.24743093496011448,0.016433283459128614,0.007224033432277973,,,0.1286865671850898,432381000000.0,,0.07749567350871656,0.0384015055253852,10.83500181618177
Consumer Products,-0.283090143,0.137818832,-0.773733057,-0.418785332,0.137591073,-0.106489232,,-0.617235384,-0.847365473,,Private / no public equity,,,,,,,,,,,,,,,,,,,,,
Specialty Retail & Apparel,0.585052736,,0.728420746,1.712529185,,1.173356697,,,,KMX,Public (direct listing),0.04371195459199589,,0.017290873860814085,-0.5076900878884198,0.5361531631682019,0.009296939225531578,-0.017733266757159877,-0.009522210356176286,-0.7576016788960774,-0.6014772928592489,-0.1691271799804539,0.04138315443148449,-0.0011349594961478954,,,0.2447031137546439,26338264000.0,0.0004253507368594984,0.2826266936412375,-0.023156016789298278,7.078341579557671
Travel & Leisure,-0.581379492,,1.502665833,0.980610564,,1.331882242,,,,CCL,Public (direct listing),-0.11784615979730383,5.377882599580713,-0.35976662010025473,-0.6314389741114788,0.7826813399452539,0.06035566382460414,0.16855723606168446,0.061101549053356186,0.25119677643247407,-0.2460601365470083,-0.13820098109245516,-0.10091476861367521,-0.12223352177514793,-1.71418276093549,-1.936359864700298,-0.6951568831285866,53344000000.0,0.03612402519496101,3.054345511790235,-0.4030770296724622,11.429543856031176
Industrials,0.284141725,-2.035602204,-0.651648548,-0.135967979,-0.790570707,0.17231093,-1.132293293,-1.355567812,0.10625781,CARR,Public (direct listing),0.1354749674154719,-0.16130597195944307,0.11013419713095789,-0.1983400776729416,0.33597874361965463,0.0347144011765797,0.07242798353909465,0.023572249904177944,-0.32217838926647024,-0.3640883147789844,-0.051503897929198184,,,0.14626657524718314,-0.0027750362294195973,0.05947293201705817,26172000000.0,0.0069922054103622195,0.026297173072647895,0.8170268678336577,10.968198289528557
Specialty Retail & Apparel,0.792804034,,0.070035868,1.267937315,,1.065607252,,,,CRI,Public (direct listing),0.1024865609302726,-0.0785061552758688,0.12082267651871476,-0.2349667143628481,0.38702242430647216,0.0363294185961645,0.04958889220747917,0.0814287097885611,-0.2798903670397388,0.014271400033894599,0.2209792721509083,0.07809044617972831,-0.0015935739207945119,0.10367408975553626,0.007481841651485027,0.0060780316276733415,3201797000.0,,0.17778479072915743,-0.08849060438237681,
Specialty Retail & Apparel,0.022282854,,-1.732440733,-1.023408921,,-2.047874528,,,,CVNA,Public (direct listing),-0.1824557369510232,0.06165131886998587,-0.11055571890620405,-0.9788852152781563,1.5913602177694846,0.12478621376458618,0.09182133025486192,0.5198487712665407,0.5533821574854787,-0.15731469377114693,-0.2151919143390323,-0.04378753712008804,0.018238073308215776,,,0.8558322427311972,7015000000.0,0.307056307911618,-0.1781480038293355,0.15719246329511208,9.95227771670556
Grocery Stores,-0.558574669,,-1.574395542,-2.134231788,,-1.778289437,,,,CASY,Public (direct listing),0.06171570345803372,,0.038424735616664894,0.18608248217650325,0.27204383979711805,0.08288745213938137,0.05886060333005317,0.14501780473547354,0.4694017912009256,0.2716983988233792,0.23741188001301383,0.06335214726308608,0.0024476310402536485,,,0.1391887542013314,5505730000.0,0.004443734073410792,0.25328246599588117,0.1323700445333488,9.925787060030896
Life Sciences & Biopharma,-1.754739427,-1.229107962,-1.091537885,-1.85307689,-0.290526891,-2.558601856,-0.451707062,-2.25715746,1.95568127,,Private / no public equity,,,,,,,,,,,,,,,,,,,,,
Industrials,0.176453924,1.385806588,-0.999245142,0.173260124,0.62708534,-0.131553087,-0.226614185,0.38329016,0.235984336,CAT,Public (direct listing),0.08182517115555936,0.1658982558709854,0.1485688323489323,0.117727476636168,0.335794569520494,0.09974033666329968,0.16475160766023603,0.2221910309495403,1.279611971216584,1.0284172428906837,0.6963268606866735,0.06481410783436692,0.00037371197102551074,0.1326959371077363,-0.009574871971444755,-0.0015470536086050757,82793000000.0,,0.1949565628797274,0.19627634402321079,7.611347717403621
Specialty Retail & Apparel,0.418286215,,-0.241068347,0.728821223,,0.88493219,,,,,Private / no public equity,,,,,,,,,,,,,,,,,,,,,
Insurance,1.862035887,-1.003774501,0.249888627,-0.278656405,-0.815369112,-0.097812454,,0.047569255,-0.223865189,CNC,Public (direct listing),0.015636789384675425,0.14736232160149854,0.025154448034203407,0.029020479196411708,0.3267727854512993,-0.07896962047033737,7.571895144396041e-05,0.07129987129987136,-0.7442865479990861,-0.18429221987606992,0.5293148154039031,0.025240292021126404,-0.007518812532489838,0.023374592009736055,-0.0050952081051152615,0.3059119698405067,78375000000.0,0.0034066985645933015,-0.16344681206337627,0.09648857860782323,11.191341840842766
Software & IT Services,-0.428685586,-0.054519912,0.566191258,-0.547771763,0.303596195,0.66958272,0.402891713,0.547466118,1.26256093,,Private / no public equity,,,,,,,,,,,,,,,,,,,,,
Software & IT Services,0.124723974,1.08894083,0.602587726,0.023139951,1.111913108,0.855722705,-0.857966423,0.911771891,0.84069538,GIB,Public (direct listing),0.09661294382626642,0.06105554865165086,0.16247799346571176,0.007284643948064717,0.2537697059672844,0.08717839722682848,0.16412387567239012,0.032996893927512705,-0.550315268367603,-0.57398304052732,-0.35990650867429475,0.09387834082936733,,0.16198161351538032,,0.06105554865165086,15175420000.0,0.26201811877364845,,0.015597834110807063,
Supply Chain & Logistics,1.292989605,,0.762749318,1.145001545,,1.292825336,,,,CHRW,Public (direct listing),0.15795010348364716,0.06901902326096399,0.05129372940634601,-0.13283540192292576,0.34378472664542936,0.11495384786623593,0.049002784561993716,-0.008353884855463956,0.6013588303469464,0.6032797373628418,0.21840547008624567,0.11429536565593186,-0.002097070455850587,0.046660683342475466,-0.00238009248573918,0.2420313738115797,7028112000.0,0.0747000047808003,0.0051944611402556596,0.09772449530817595,7.613324979540639
Life Sciences & Biopharma,-1.027134791,-1.492100775,-1.512871078,-1.189455026,0.571513651,-0.511418863,-0.364314888,-1.819529485,1.633581056,CRL,Public (direct listing),0.06395379578758795,0.12313002802133233,0.16372363596122794,-0.3674802675038147,0.4548396906565457,-0.024669266993111946,0.11084159994278682,0.011849602913323709,-0.019567761002619255,-0.06596465990147893,-0.0782772871736177,0.058570852062784944,0.0009789816140331584,0.149526696679848,0.016327870344314068,0.16311788054180243,7024292000.0,1.4378673323944962e-05,0.0038235220523146697,0.24483005578890935,9.903487552536127
Financial Services,-0.269842772,-1.739190079,0.003826633,0.173507073,0.372057054,-0.079064354,,-1.566674829,-0.40426009,SCHW,Public (direct listing),0.013018058183452585,0.12105831533477329,,-0.09165416551220795,0.36414862890351596,0.019747393902557236,,0.1577067333452402,0.03870204947559208,-0.266112456392225,-0.1820868767501006,0.009127331060237952,-0.001911933086383512,,,0.3373005874434617,667270000000.0,0.028345347460548204,0.015290840346196896,0.23746832979023255,5.991464547107982
Telecommunications,-1.389947988,-1.065045106,-0.590950433,-0.586443357,1.002918068,-0.970938834,,-0.743346813,0.453448562,CHTR,Public (direct listing),0.03497713166762384,0.04527688556944387,0.22662989152567473,-0.4723249202367569,0.41492313679897014,0.03217369752941483,0.24136100739439198,-0.010047324353840592,-0.6563286299398621,-0.8919303549589348,-0.6146566208746727,0.022086907051831733,0.010702869912138415,0.17356433844129646,0.03069759300115421,0.06275790440470574,142491000000.0,0.021032907341516305,-0.0028510249191529705,-0.0399350172193339,11.447853468226514
Specialty Retail & Apparel,1.028086592,,0.071617455,0.846737938,,-0.395835972,,,,CHWY,Public (direct listing),-0.036048355902201096,,-0.008203709277386428,-0.2590181183402388,0.8536012743332728,0.07802193602629266,0.02381897887515865,0.07740693196405646,-0.4654521906493082,-0.697904751574309,-0.5682287422563287,-0.2134510397008064,0.15952394647842466,-0.037178543454784406,0.024251006657657302,0.36349130433933957,2086281000.0,,-0.06389880242901218,0.4477324212517344,
Restaurants & Fast Food,0.311067272,,-0.184562006,2.277096998,,1.325093636,,,,,Private / no public equity,,,,,,,,,,,,,,,,,,,,,
Restaurants & Fast Food,0.073321014,,-0.068057587,-0.00957552,,0.554709039,,,,EAT,Subsidiary (proxy = parent listing),,,,,,,,,,,,,,,,,,,,,
Restaurants & Fast Food,-0.900725329,,0.072879179,-1.104435272,,-1.521735198,,,,CMG,Public (direct listing),0.12978714988832918,0.1441078851754345,0.1402606613445452,-0.12376875248202868,0.4073846063799002,0.15978544525435953,0.15963163761194668,0.07407661169295365,-0.6060560090292894,-0.6893196060449817,-0.32073243896838344,0.0754032586029045,0.01477645922455152,0.0782043261218693,0.013592414203324807,0.16618269564279653,6652958000.0,0.0,0.03640780105999855,0.25394810283516106,
Insurance,-1.352603546,0.342276435,-0.029028668,-0.272074509,1.177998996,0.349031784,,1.199258833,-1.455279085,CB,Public (direct listing),0.026359557223754753,0.053694231663444336,,0.13069160623924758,0.2295005087046834,0.041865359462593885,,0.10658798924409929,-0.1121181517751435,-0.1567355902440386,-0.02727119639757758,0.028791572857408524,0.00875576371658012,,,0.09546896651369252,200054000000.0,0.07582452737760804,0.0004465469598883305,0.16568756634737344,
Restaurants & Fast Food,0.034180927,,0.526757439,0.782993718,,1.17179586,,,,,Private / no public equity,,,,,,,,,,,,,,,,,,,,,
Insurance,1.036923498,-0.314595825,-0.497039258,-1.163379861,-0.668158018,-0.108619381,,-0.690706365,-0.342956151,CI,Public (direct listing),0.04659276505542621,0.03966496638070938,0.04067171044195291,0.4393909895890491,0.264067726807811,0.04051840097945244,0.0309770949357488,0.04639617553321895,-0.44231484175106106,-0.3933038602893628,-0.1765323161671568,0.040812499129383985,0.0010461953223949029,0.049669384167283746,-0.0035066316555879555,0.06488804913849122,154889000000.0,,-0.0037625644223590327,0.19683417716301962,11.207758078177427
Media & Entertainment,-0.368013886,1.143013424,-0.632776074,-0.808624899,0.786625365,-0.071941702,,0.809224525,1.299654156,CNK,Public (direct listing),-0.05629242169499969,0.6250910294604435,0.03136839532325742,-0.48209308762125436,0.5569573790943004,0.03743564720137286,0.12193075153850935,0.18938413168115398,-0.1651594302091417,-0.29410485562914357,-0.12920526280783728,-0.05295702066421706,-0.056833480613184315,-0.3880424448069193,-0.1351090121730819,0.20494567961235954,5230650000.0,0.004636899811686884,0.7080432077572139,-0.32497854294401923,9.680344001221918
Media & Entertainment,-0.356564257,0.442240918,0.847560798,-0.834945093,0.759106764,1.034509781,-1.513759563,1.267389856,1.133151049,CPXGF,Public (direct listing),5.2547043554523835e-05,0.6795082454021737,0.03580803368631792,-0.43393284495297824,0.49787124418923295,,,,-0.13220174030039566,-0.30695452813025037,-0.20115511456350976,-0.11760806265066166,,-0.2548270133050289,,,2114838000.0,0.8722814702591877,,-0.1973350226623394,
Outsourcing & Staffing,0.065507453,,-0.237304932,-0.19088544,,-0.315883549,,,,CTAS,Public (direct listing),0.15167769369220754,,0.20209794207341333,0.1250965011561822,0.2732937996349993,0.19358057462224204,0.22951671365649154,0.08902677069507847,-0.39373931652819705,-0.4656237952908341,-0.29103530886595697,0.12994402750362322,0.011868619817224669,0.18133931764319405,0.014349030358745945,0.045367944769166245,8147256000.0,0.03824281451325452,0.037873008325414036,0.23215360041282698,
Grocery Stores,-0.021202564,,-0.513462058,-1.306567992,,0.127745426,,,,ANCTF,Subsidiary (proxy = parent listing),,,,,,,,,,,,,,,,,,,,,
Tech Giants,1.69965345,0.799337955,0.61560218,1.255864295,-1.330016925,0.001593361,-1.520796447,-0.392963928,-0.817596592,CSCO,Public (direct listing),0.12565690091700177,0.03490706170460478,0.27105921601334443,-0.21005353435997443,0.29797290322447645,0.0971582945704942,0.23718434135580943,0.11958442292741545,0.16915807164671537,0.5464377254043873,0.6428845896127948,0.1178358909042193,0.001087673439740196,0.2696876745416643,-0.002768014328700075,-0.0015855376749442929,94002000000.0,0.005308397693666092,0.04252866956993777,0.06627048384758716,10.16585181700362
Financial Services,-0.246658819,-0.248920952,0.121471025,-0.764377071,-0.508240771,-0.30241657,,0.195435196,-1.309147628,C,Public (direct listing),0.006142734897023846,0.036070499533990885,,-0.2882131578370183,0.3284260565813152,0.005991325717729195,,0.14175269663441514,0.6927014283704862,0.2560913063771775,0.1575625126618989,0.008137099796185482,-0.0001816054931304052,,,-0.016164621265349788,2291413000000.0,0.11101185163914144,0.023944048841838213,-0.14328529824951916,
Financial Services,-0.005667028,0.632695081,0.016580707,0.708148004,0.077425421,-0.105880236,,0.269525472,0.940378381,CFG,Public (direct listing),0.00914291258881592,0.2067097938919813,,-0.23452253440739268,0.35365995018958846,0.008823601682515642,,0.12041343669250648,0.49800430683607444,0.1578570233718104,0.06989275045694843,0.009626609783448583,0.0007508954963962515,,,0.07417677916824678,188409000000.0,0.03679229760786374,0.029437826002938792,0.04729780316133988,9.767839635939843
Business Services,-1.000568318,-0.440077469,0.567392513,1.096318157,0.030967053,0.428558802,,-0.069376643,0.676268762,,Private / no public equity,,,,,,,,,,,,,,,,,,,,,
Specialty Retail & Apparel,-1.16498726,,-0.64332462,-1.700538692,,-0.895874918,,,,,Private / no public equity,,,,,,,,,,,,,,,,,,,,,
Specialty Retail & Apparel,0.035027835,,0.813737463,1.102443911,,1.386729214,,,,,Private / no public equity,,,,,,,,,,,,,,,,,,,,,
Grocery Stores,-0.146195824,,0.568401482,0.775375343,,0.606494346,,,,,Private / no public equity,,,,,,,,,,,,,,,,,,,,,
Specialty Retail & Apparel,-0.020534648,,0.060514293,1.345111977,,1.165459364,,,,TPR,Subsidiary (proxy = parent listing),,,,,,,,,,,,,,,,,,,,,
Consumer Products,-0.121164095,1.846126711,0.885481744,0.188341271,0.319148624,1.757584491,,1.694169992,0.367057391,KO,Public (direct listing),0.10286428856332805,0.11250808433579107,0.2800204632127244,0.08609948320281657,0.19803109799480795,0.13066896194901897,0.31582257933609287,0.12067571210351336,-0.16191798575888572,-0.11000329533342867,0.06135665645833921,0.09852143677806613,0.0001466844014119323,0.2699454214188433,-0.001991091074973962,0.028384131377729216,94354000000.0,0.014180638870636116,0.1133033632648696,0.09781611204517837,9.035986984831403
Software & IT Services,-0.401476958,-0.725869885,-0.464134291,-1.228685288,0.710964037,-0.309751805,-0.063731591,0.422258487,0.853861472,CTSH,Public (direct listing),0.12827694375980284,0.04976495380126433,0.152769199094091,-0.3579302593303689,0.34975797859103364,0.10941219781568291,0.157852938428478,0.05826001955034221,-0.3718398127320317,-0.5285345502247794,-0.2862502154545101,0.10521234348366533,0.003015419909705201,0.141936833613448,0.003269587100323249,0.051796256389350204,17852000000.0,,0.028785235644593666,0.04037468986882142,12.70866446436906
Restaurants & Fast Food,1.229372481,,0.809185483,0.514350393,,0.452751716,,,,,Private / no public equity,,,,,,,,,,,,,,,,,,,,,
Telecommunications,-0.225841821,0.049441203,0.253545227,0.182107906,0.444974104,0.483397596,,0.13143389,0.093352848,CMCSA,Subsidiary (proxy = parent listing),,,,,,,,,,,,,,,,,,,,,
Outsourcing & Staffing,-0.060109474,,-0.230654153,-0.555630631,,-0.773626852,,,,CMPGY,Public (direct listing),0.05938843042941519,0.18482444236669915,0.06204923173408591,0.0036455469637666216,0.3051645879483414,,,,-0.32101724362625583,-0.30667873299202497,-0.18193324539230527,0.02401129943502824,,0.043890998436453,,,19963210118.560093,0.30131826741996237,,0.0008200272353423207,
Outsourcing & Staffing,-0.331722551,,-0.460837223,-1.235464304,,-1.237840189,,,,CMPGY,Public (direct listing),0.05938843042941519,0.18482444236669915,0.06204923173408591,0.0036455469637666216,0.3051645879483414,,,,-0.32101724362625583,-0.30667873299202497,-0.18193324539230527,0.02401129943502824,,0.043890998436453,,,19963210118.560093,0.30131826741996237,,0.0008200272353423207,
Outsourcing & Staffing,0.037803459,,-1.111940901,-0.643602844,,-1.879317296,,,,CMPGY,Public (direct listing),0.05938843042941519,0.18482444236669915,0.06204923173408591,0.0036455469637666216,0.3051645879483414,,,,-0.32101724362625583,-0.30667873299202497,-0.18193324539230527,0.02401129943502824,,0.043890998436453,,,19963210118.560093,0.30131826741996237,,0.0008200272353423207,
Business Services,0.67189876,-1.057805147,0.54473549,0.974996902,0.223787249,1.157892613,,0.392348023,-1.435830134,CMSQY,Public (direct listing),0.03757803344172458,0.12315294474539162,0.12275829713523381,0.2492206589601349,0.42782275195070735,,,,-0.3126489223231719,-0.23714743013620365,-0.08417416040383618,0.036780080881635036,,0.12093009062223806,,0.12315294474539162,6058300000.0,0.4300214581648317,,0.18156862271415156,
Business Services,-0.100236639,0.772345365,0.875239444,0.693637777,0.516037187,1.273660779,,0.709652951,0.524014779,,Private / no public equity,,,,,,,,,,,,,,,,,,,,,
Business Services,0.06499668,-0.710871579,-0.218233533,-1.468662148,-0.233510535,-1.207539265,,-0.359940932,0.609861604,,Private / no public equity,,,,,,,,,,,,,,,,,,,,,
Industrials,-0.802484081,-1.054310278,-0.606818892,-0.53112938,-0.258191922,0.040140849,2.514132447,0.015610042,0.029066673,GLW,Public (direct listing),0.044611681751923794,0.007598352506746231,0.10134611318627106,-0.13678727552749392,0.31793739382071073,0.05988915543055671,0.1515225782733901,0.2004634994206258,2.474123233784692,2.246051084240096,1.0560897123794035,0.03768867794196813,0.014994284558769024,0.10284886264285016,0.018221548399531037,0.1142385806305321,30154000000.0,,0.012492560587871796,0.07186758068095274,9.314700387300425
Restaurants & Fast Food,-1.550261325,,0.831261931,-0.423120533,,-0.307566313,,,,,Private / no public equity,,,,,,,,,,,,,,,,,,,,,
Software & IT Services,-1.873687924,-1.062608121,-4.464931526,-2.171007047,-1.111717538,-2.894105485,-1.344306205,-2.422674494,0.869536359,CSGP,Public (direct listing),0.04397500743826242,0.12257599917699702,0.20665322580645162,0.03079702063918921,0.4400614445570871,0.002360275048181018,-0.007679230904507885,0.22540983606557385,-0.789183961385169,-0.8432519184702907,-0.7525632676316493,0.05162770358624163,-0.02070425667283711,0.21880992754103937,-0.018674213368449235,0.17855482840705272,7256871000.0,0.13780043768175015,-0.03134809655260528,0.11738743905319671,8.464214266625351
General Retail,-0.879828033,,-0.823922539,-0.019531798,,-0.737987051,,,,COST,Public (direct listing),0.0910762709222953,0.15834817714580285,0.03433735470624003,-0.14842234180234914,0.3180395641859498,0.10714090884294365,0.03823398174987312,0.11584526540621787,-0.1928141599425217,-0.26096840929487375,-0.0913739822436821,0.08204676809933455,0.004388991218312783,0.033046700343628985,0.001159439821706442,0.1417727461183608,64166000000.0,0.001137674157653586,0.033143558720834396,0.21779778666776115,12.62478298038836
Business Services,0.954369519,0.327050786,0.157809256,0.33697418,-2.426345453,0.128156314,,-0.055623841,-0.768004625,,Private / no public equity,,,,,,,,,,,,,,,,,,,,,
Telecommunications,0.916694187,1.017721859,0.726654643,2.105831428,-0.484387947,1.228474734,,-0.125023688,-0.329783333,,Private / no public equity,,,,,,,,,,,,,,,,,,,,,
Restaurants & Fast Food,-0.120739491,,-0.40202845,-0.432334759,,-1.401998428,,,,CBRL,Public (direct listing),0.05746628082744821,0.15819629948352687,0.04682160949340012,-0.24920913479113616,0.4200702351966523,0.01233399808370352,-0.00046593421608141235,-0.028959492027615052,-0.5097300704997173,-0.6993383283807347,-0.34171805926635945,0.07310027821204963,-0.013227224826478413,0.07747976098226862,-0.004687001640743212,0.032604097317006975,2294911000.0,5.4032596471061406e-05,0.16848092309980767,-0.10921501231624249,
Specialty Retail & Apparel,0.864536111,,-0.893567354,-0.238726909,,-1.402154308,,,,,Private / no public equity,,,,,,,,,,,,,,,,,,,,,
Financial Services,-0.271029116,-0.179260912,0.500293025,0.891382885,-0.273733473,-0.55786339,,1.21362649,1.10401092,,Private / no public equity,,,,,,,,,,,,,,,,,,,,,
Outsourcing & Staffing,0.987908251,,0.68159084,0.016024357,,0.028074985,,,,,Private / no public equity,,,,,,,,,,,,,,,,,,,,,
Business Services,0.21288713,0.105788696,1.094018091,1.347323816,-0.133717361,0.317581223,,0.87056085,0.594934975,,Private / no public equity,,,,,,,,,,,,,,,,,,,,,
Restaurants & Fast Food,0.206565855,,-0.510026586,0.883264101,,0.88033941,,,,,Private / no public equity,,,,,,,,,,,,,,,,,,,,,
Industrials,0.979514403,1.215687159,2.322369688,1.875817182,0.490526642,0.668732013,-0.020862134,1.109407757,0.579129336,CMI,Public (direct listing),0.07099244199478531,0.16872736355688778,0.09189997862791195,0.0812760727262074,0.2821676720556467,0.07842504437631112,0.11361892960405971,0.027403963787619334,0.7144776695004222,0.7567929725218172,0.4009878495600836,0.09540944138840972,-0.011820787087013377,0.11391043258338242,-0.000948053614599037,0.026495075335194074,23710000000.0,0.0024884015183466892,0.16412270770012488,0.1482366512054832,7.7406644019172415
General Retail,0.435790927,,0.625304718,-0.672717332,,0.762141814,,,,CVS,Public (direct listing),0.018885116635636842,0.10391940050186399,0.050516797067606915,-0.08655684599216407,0.26814497976974505,0.011495987970773842,0.028661085301724665,0.061720302786822945,-0.12168898918525017,0.11901688288958856,0.07532477934732662,0.03162917398704423,0.0020630387425426113,0.04787246211551923,-0.0007591867830091173,0.06678168051702349,232999000000.0,,0.028729336042440917,0.1254738006843681,6.214608098422191
Restaurants & Fast Food,0.89633325,,1.239784994,0.605877559,,1.249303218,,,,BRK-B,Subsidiary (proxy = parent listing),,,,,,,,,,,,,,,,,,,,,
Life Sciences & Biopharma,-0.042744213,0.516778784,-0.566091209,-0.276487961,-1.271778421,-1.284926287,-1.010688613,-0.18547097,0.22848724,DHR,Subsidiary (proxy = parent listing),,,,,,,,,,,,,,,,,,,,,
Life Sciences & Biopharma,0.047956905,-2.761433877,-0.652414464,-1.311386428,-0.850873323,-1.594251186,-0.061419376,-1.880038632,-0.476386583,DHR,Subsidiary (proxy = parent listing),,,,,,,,,,,,,,,,,,,,,
Software & IT Services,-1.346787642,-0.370202656,-1.605410032,-0.533730045,0.362747269,-0.624759756,1.104077375,-1.944977903,0.798240862,DDOG,Public (direct listing),-0.016693001851671895,0.6282329429695641,-0.035039699122440454,-0.5097445812290066,0.7483391139492824,0.021306486528994188,-0.006706370398289121,0.32154426546806336,0.04804919374595884,0.6328243759179113,0.48155850935049727,-0.012598994058815607,0.003692075217204683,-0.03231964617882702,0.018447849409770376,0.6841204535893252,2380794000.0,,-0.017607989621129926,0.6944142887579808,8.070906088787819
Restaurants & Fast Food,-1.199281032,,-2.063025213,-0.850298116,,-2.490446937,,,,PLAY,Public (direct listing),0.046338333780943736,,0.14976993865030674,-0.10653385967130158,0.6031170663066617,-0.01570721937304646,0.042112299465240643,-0.014972696846926148,-0.5537601589037433,-0.8071528193273865,-0.39715361562672546,0.023178991284370357,-0.026753951793386025,-0.04965435499973799,-0.06391287714497373,0.46010523834739736,2345790000.0,0.0,0.9583993567790563,0.02220773185970404,5.993961427306569
Specialty Retail & Apparel,-0.973222062,,-0.031096569,-0.868528682,,0.010105126,,,,,Private / no public equity,,,,,,,,,,,,,,,,,,,,,
Software & IT Services,1.043578616,-0.643507649,0.562078866,0.833773958,0.398681841,0.263352524,0.936460513,0.437409073,-0.331095026,DAY,Public (direct listing),,,,,,,,,,,,,,,,,,,,,
General Retail,0.249358859,,0.907723703,0.128248353,,0.53436445,,,,,Private / no public equity,,,,,,,,,,,,,,,,,,,,,
Outsourcing & Staffing,-1.296168837,,-1.269780993,-0.506173396,,-0.973284397,,,,,Private / no public equity,,,,,,,,,,,,,,,,,,,,,
Internet,-0.514452895,0.335096971,0.222010208,-0.163377013,0.248769633,0.202265316,0.300521038,0.567918037,0.44757259,DROOF,Public (direct listing),,,,,,,,,,,,,,,,,,,,,
Internet,-0.07114449,-1.956533673,-2.111757322,-1.554041811,-1.91091036,-2.463846456,1.703740908,-3.431155386,-0.425762849,SHOP,Public (direct listing),-0.32165101794180534,0.21426167686068265,-0.12267857142857143,-0.7104338517155875,0.9446172075859226,0.09044304871838398,0.17022480996280123,0.3432203389830508,0.18367703778268507,-0.18275841363525447,-0.344609234809535,0.07462303585509056,0.1271320252057847,-0.00013738565963309726,0.07384374033183831,0.7152702204967678,13340172000.0,,-0.3210112407582301,0.43039898458188786,
Tech Giants,0.738472948,-1.441831072,-0.523741909,-0.230935269,-0.785136425,0.168776198,-0.752828379,-1.713070538,0.612484301,DELL,Public (direct listing),0.05998813824338168,,0.04603891419706118,-0.3136465732011142,0.42571913856783744,0.08561959404766147,0.08095401561170729,0.8753528958850201,1.0515169980948742,2.27394342034458,1.7049173997247538,0.02612478244392382,0.02294376526169253,0.031744229430785295,0.017058071665646043,0.03779450284799927,92735000000.0,0.2906561708092953,0.028543945591015626,0.21788553305494118,11.79810440720389
Business Consulting,-0.31777853,0.760631108,0.665367664,-0.567624392,0.686369468,0.640636945,,0.508175614,0.050810056,,Private / no public equity,,,,,,,,,,,,,,,,,,,,,
Travel & Leisure,-0.093958643,,1.247925768,0.72630657,,1.0396392,,,,DAL,Public (direct listing),0.01823262505533422,0.6917622662965317,0.0723775256019928,-0.19099146089524044,0.4620609640729256,0.05531155217039467,0.08828132191843874,0.1292022792022791,0.4957200675836988,0.46709746096465476,0.34410672522696606,-0.03142962119323945,-0.03500303681570703,-0.17517599492943461,-0.038854254768714305,0.05633008688636443,72459000000.0,0.02072896396582895,0.6640465127725788,-0.16320197794225288,11.326595886778737
Restaurants & Fast Food,-0.742837335,,-0.24228084,-1.779583699,,-0.703310062,,,,DENN,Public (direct listing),,,,,,,,,,,,,,,,,,,,,
Business Services,0.767105783,-1.247942192,0.590569343,0.374773157,-1.699425528,-0.902027339,,-0.524346314,-2.440280506,,Private / no public equity,,,,,,,,,,,,,,,,,,,,,
Financial Services,0.851113646,1.15195167,0.832664931,0.939349632,0.914261185,1.308574639,,0.793672043,-0.926595282,,Private / no public equity,,,,,,,,,,,,,,,,,,,,,
Financial Services,0.06089175,0.28103205,0.909504165,-0.469059361,0.498766014,0.21550059,,0.763246129,-0.980234922,DB,Public (direct listing),0.004133041290017564,0.053471920325653066,,-0.15082730124855004,0.5015338786444561,0.004962179153591009,,0.014161985018726675,0.2523734424094657,-0.07029359337658336,-0.19550916319724443,0.0017862632204248814,,,,,1323993000000.0,0.11796814635726927,,0.1300862662878858,11.326222323036584
Supply Chain & Logistics,-0.041822737,,0.673991404,1.283187569,,0.254047129,,,,DPSGY,Subsidiary (proxy = parent listing),,,,,,,,,,,,,,,,,,,,,
Supply Chain & Logistics,0.15045676,,0.151874579,0.504624184,,-0.326803143,,,,DPSGY,Subsidiary (proxy = parent listing),,,,,,,,,,,,,,,,,,,,,
Specialty Retail & Apparel,0.776053465,,0.915483447,0.600565483,,0.426526031,,,,DKS,Public (direct listing),0.16809615827862004,,0.16657786539864422,0.04224903292519855,0.5307677060925441,0.0571174323811657,0.07648425168785938,0.6267809292094912,-0.20855610764618726,-0.11193955700284053,-0.1489865216227101,,,0.08462510518779026,0.03727856462907755,0.13838577741439084,9041676000.0,,0.12272751447846224,0.48496764957195254,7.61085279039525
General Retail,-1.48514129,,-3.134260637,-0.979156803,,-1.282070654,,,,DDS,Public (direct listing),0.2657395941590303,,0.16879346801691417,0.33853876637820757,0.6591452392668673,0.16816890847761523,0.10556736986270675,0.026923581631459248,0.6353167154741486,0.13214696846947804,-0.1584731622589286,0.2657395941590303,,0.16879346801691417,,,3245557000.0,0.1875573283722948,,1.2297407819220252,10.325481962595504
Insurance,0.142753449,0.908975383,-0.534210825,-0.135289001,-0.76448761,-1.346029167,,-0.1943687,-2.027806542,DIISY,Public (direct listing),,,,,,,,,,,,,,,,,,,,,
Specialty Retail & Apparel,-1.301083294,,1.162352517,1.00894976,,1.510172776,,,,,Private / no public equity,,,,,,,,,,,,,,,,,,,,,
Financial Services,1.241146483,-1.012360932,0.431350468,0.640520696,-0.128177526,-0.039654367,,-0.185882355,0.684416187,DFS,Public (direct listing),,,,,,,,,,,,,,,,,,,,,
Telecommunications,-1.815656476,-0.538366557,-2.354609153,-1.10099388,-0.004276802,-1.211531497,,-1.842480081,0.684150854,SATS,Public (direct listing),0.04217519147496418,-0.059763421152510765,0.11986259063017629,-0.3638991904525992,0.38727543920479096,-0.3047579052261825,0.02186658938357275,-0.05226915998364756,4.750372757927247,3.3189933454870246,0.486747085180564,-0.00879429400340886,,0.069202071637877,0.03526993864264826,0.026389215102459174,6045204000.0,0.0,0.0026314221024372527,-0.20926431069234905,5.298317366548036
Media & Entertainment,-1.541108967,0.708724937,0.306418841,-0.706728107,0.453276875,0.546967667,0.106540483,0.716104079,0.419709848,DIS,Public (direct listing),0.015444603228388604,0.22700169094307165,0.08184038103527477,-0.44750137883135743,0.3746442762906513,0.05601972469279989,0.14303486423408696,0.06549257017061083,-0.1439665369451446,-0.40618594545839415,-0.23063521021176625,0.01700423300946923,-0.010061029818303173,0.1498574511078013,-0.021036415584961728,0.0659783418053284,203631000000.0,0.015076289955851516,0.14355690411752434,-0.11716802909691992,12.301382825334498
Travel & Leisure,-2.439181167,,-0.898292719,-0.540252011,,-0.510966743,,,,DIS,Subsidiary (proxy = parent listing),0.015444603228388604,0.22700169094307165,0.08184038103527477,-0.44750137883135743,0.3746442762906513,0.05601972469279989,0.14303486423408696,0.06549257017061083,-0.1439665369451446,-0.40618594545839415,-0.23063521021176625,0.01700423300946923,-0.010061029818303173,0.1498574511078013,-0.021036415584961728,0.0659783418053284,203631000000.0,0.015076289955851516,0.14355690411752434,-0.11716802909691992,12.301382825334498
Software & IT Services,-0.173346177,-2.910702595,-0.881841482,0.044327757,-1.736301062,-1.377329831,-0.680553238,-1.484554284,0.254534332,DOCU,Public (direct listing),-0.027535892557446782,,-0.029367700370109714,-0.6223248204573555,0.8156307146678341,0.0780885492858482,0.10639816851745286,0.08718739114834739,-0.6443042856649225,-0.5574624772280945,-0.37679389579304434,-0.1264551503096688,0.07154307181642992,-0.23897191849059787,0.18155016207595978,0.44384858938150185,2541265000.0,,0.030369595175575553,0.32221373107893253,7.611842399580417
General Retail,-1.69528858,,-0.130847618,-2.315082934,,-0.2887749,,,,DG,Subsidiary (proxy = parent listing),,,,,,,,,,,,,,,,,,,,,
General Retail,-0.175487394,,-0.173529894,-1.275087118,,0.267175169,,,,DLTR,Public (direct listing),0.06113213453765342,,0.06881905080315487,0.012441628234973523,0.4118641076758547,0.09470801307536002,0.08822710262863392,0.07244002845011521,0.1721658468383478,-0.08917416177596604,0.15090961628753408,0.012598203863776544,0.055946608214033224,0.03878792151227337,0.035058854678345186,0.04876434775041686,21721800000.0,,-0.0015617503338244071,0.15599283854590387,12.257240932104573
General Retail,0.91006651,,0.363370096,0.699824388,,0.935449146,,,,DLMAF,Public (direct listing),0.1631989372870403,,0.21969187401475168,0.1793808052044421,0.28799297623012854,0.17332300270084464,0.23465824028151738,0.2135661742954622,-0.16049463968748268,-0.3250721302517675,-0.1531312858619679,0.1631989372870403,,0.21969187401475168,,,4063562000.0,0.889300569303483,,0.16375990802717078,
Restaurants & Fast Food,0.467359831,,0.875453194,-0.484223422,,0.43662372,,,,DPZ,Public (direct listing),0.2822725454228849,0.0412599518104142,0.16458584867443452,-0.30884394408506033,0.3438766616249169,0.3366441915462131,0.1933156199457993,0.03465472961793292,-0.4527933629122157,-0.5487111244213815,-0.4062873540562706,0.3029196765423029,0.0060852554583872755,0.17642208701576503,0.0016427519523386019,0.09803576045329121,1671816000.0,,,0.1503573901635847,
Restaurants & Fast Food,-0.023863625,,1.064097332,-0.075214838,,1.208787513,,,,DMPZF,Public (direct listing),0.15671211830228537,0.07043509272467907,0.17024820922871897,-0.3967525157721179,0.5849623992226672,,,,-0.5729609701448922,-0.5889407736910882,-0.20779604754758418,0.15,,0.18848074179743224,,,522000000.0,0.8909961685823755,,-6.012034486209868e-05,
Internet,0.746683056,1.136050085,0.468663729,-1.032506444,1.411032626,1.574506099,-0.063816128,0.715384766,0.953874304,DASH,Public (direct listing),-0.1394422310756972,0.3467675941080197,-0.1567674312623424,-0.6352278134609843,0.8520000169532194,0.04985799087372629,0.052170368860811084,0.33113456464379953,-0.3758070530204952,-0.5671087225992762,-0.5431193025170934,-0.1754668762896204,0.15818568312485137,-0.31319690241435644,0.30178691965561916,1.477355321423118,6809000000.0,,-0.9571246775223051,-0.2803596165490975,9.0595174822416
Internet,0.467296833,-0.886818667,-0.559090634,0.48701749,-0.407559356,-0.389459392,0.755990147,-0.394816466,-1.003541483,ZG,Public (direct listing),-0.015389303672101173,-0.0816135084427767,-0.035240040858018386,-0.44710432582145243,0.6605430980919819,0.011078320090805902,0.004827330115113257,0.18394648829431448,-0.6711900408591731,-0.7271497233077456,-0.6415156303565702,-0.0402660734632762,0.00022612305232334564,-0.047613363160180465,0.025005672005896967,0.8285591739519736,10695454000.0,,-0.4886638914225455,0.3268786057204745,8.987821625430815
Industrials,0.537031343,1.261693944,1.595733677,0.331461291,0.259473269,0.765820512,-0.657472425,0.977807919,-0.591677687,DOW,Public (direct listing),0.07560681814431629,0.035184107116867924,0.10020737408175459,-0.09346663497002172,0.30249490868261414,-0.047822273698169104,0.0031781546362919834,-0.061067970472629685,0.2895908679049981,0.039788706624879655,0.3805648727809019,0.0339057565534918,0.061349631538257385,,,0.16176628154676653,62990000000.0,0.23036989998412447,0.06891798310602115,0.042179032614294974,
Software & IT Services,2.236627697,1.16085209,2.414442116,3.02507647,-3.209130017,-0.030566105,-2.746054757,1.641649489,-2.540995839,DBX,Public (direct listing),0.1778720941448828,0.077390055146207,0.15333992859907952,-0.07271597814258268,0.37894386329319335,0.16508601868832418,0.26795470741943145,0.007683688170321723,-0.3974879259712347,-0.26596924916729614,-0.2277153289281908,-0.0060870471140580295,0.06407587089593426,-0.022008672544615398,0.08780834693661696,0.13976898711714725,3091300000.0,,-0.037329772282436516,0.07873481297481177,7.888709524182015
Supply Chain & Logistics,0.518802839,,-1.287603921,-0.316032408,,-1.428260532,,,,DSDVY,Public (direct listing),0.11045930397057437,0.2926892148365934,0.1069484225489572,-0.30287328792507606,0.4057244739078707,,,,0.18484175625672683,-0.19192395564165876,0.09976034499080288,0.06942594256327643,,0.08898774587780983,,,161395000000.0,0.22772080919483256,,0.16466311579285994,
Specialty Retail & Apparel,1.575375559,,0.845123221,0.095262454,,1.034132924,,,,DBI,Public (direct listing),0.07667943656267094,,0.061927063993020046,-0.31323513808875303,0.6214684083518511,0.005066156163804724,0.022053594072179158,0.013744178632104198,0.839830995973164,1.7218613261700324,1.0990307048338894,-0.0852867707060393,,-0.03579630329772096,-0.016181255913985393,0.055762015001903996,2014634000.0,0.0,0.16668930744704302,0.047072183148192615,9.51044496442652
Restaurants & Fast Food,0.562473724,,0.175375102,-1.227425828,,-0.590664373,,,,,Private / no public equity,,,,,,,,,,,,,,,,,,,,,
General Retail,-1.872782943,,0.134269603,-0.12944522,,-0.802037305,,,,,Private / no public equity,,,,,,,,,,,,,,,,,,,,,
Software & IT Services,0.708708099,-0.509752408,0.25819298,-0.827477796,0.391307493,0.09444828,-0.078556475,-0.262154768,0.51281422,DXC,Public (direct listing),0.03565221709121605,,0.07015063018751921,-0.20843152971628176,0.5219746867387383,0.0013562642454838284,0.023726668775703893,-0.012306721363206097,-0.4524128761189964,-0.6138788794377347,-0.4201684710232808,-0.03376440968456068,0.01791373080768872,0.10237284778891714,-0.02620646878966967,-0.0778798537272477,20139000000.0,0.012364069715477433,-0.012955031707571063,-0.08210053318435284,11.77528972943772
Restaurants & Fast Food,-1.423469092,,-3.182712507,0.03783134,,-1.16276553,,,,,Private / no public equity,,,,,,,,,,,,,,,,,,,,,
Travel & Leisure,-0.171765673,,2.198425394,2.669675351,,1.57266256,,,,ESYJY,Public (direct listing),-0.016166060837956762,2.95679012345679,-0.0046801872074883,-0.5228990777272778,0.5739655177259315,,,,-0.40529996758921616,-0.42146570369112435,-0.16460279733581196,-0.08779289880282411,,-0.6241426611796982,,,9773000000.0,0.45492683925099764,,-0.35795021489054585,
Industrials,-0.068907233,0.644771761,0.233778359,0.839921028,-0.332019361,0.150792415,-0.587794238,-0.310798432,0.056087448,ETN,Public (direct listing),0.070314731250357,0.05726513144487466,0.14432343870470316,-0.0518264109001082,0.2811307224514773,0.08991903906069536,0.18164925320804992,0.16841775129371173,0.13144208174167593,-0.09494846670685564,-0.057414865444973096,0.05823774453722721,-0.002194737660183798,0.1718092566619916,,-0.03300432359985389,34027000000.0,0.25174126429012256,0.11119451055646914,0.2394877744712489,11.362102575235644
Internet,0.41471181,1.171108024,0.708183382,2.180087543,0.232600378,0.945741969,-1.401716796,0.231444827,-2.338312369,EBAY,Public (direct listing),-0.060863309352517984,-0.059980806142034604,0.23991832567636548,-0.36754197846561776,0.384258028237292,0.11451827941898814,0.19579455360220613,0.19497098646034816,0.2435752369763231,0.21794312059062038,0.1214449473959267,0.300942178876541,0.20640356950420868,0.2531242256382334,0.03280541337882572,-0.017237308747750757,26626000000.0,0.050890107413806056,-0.00549966233028377,0.11411134603836388,14.50865773852422
Internet,-1.080017001,0.204313577,-0.5805237,0.525693408,0.318559731,-1.344225725,0.545045304,0.725178327,-0.060757511,,Subsidiary of private parent,,,,,,,,,,,,,,,,,,,,,
Business Services,-0.754805962,1.594284859,-0.18929395,-0.824111124,-1.180174988,-0.913809886,,-0.517761639,-0.541156007,ECL,Public (direct listing),0.05086119743015146,0.11424554900220674,0.12003270415427339,-0.3609743908773153,0.34850293685889777,0.08650258548533693,0.18089264115047743,0.10043301759133971,-0.1572696647550993,-0.28986563670437016,-0.1839046972091095,0.053281084955485135,,0.126340672968658,-0.0047752187751502004,-0.06453632079938204,21206400000.0,,0.161645694340371,-0.03518058664979706,10.126631103850338
Business Services,-1.877475902,0.103367573,-2.338177675,0.343005932,-0.846429931,-0.984807281,,-0.323879548,-1.757542549,,Private / no public equity,,,,,,,,,,,,,,,,,,,,,
Financial Services,-0.096024648,-0.404758821,-0.359556032,-0.20120347,-0.000392212,0.286275648,,-0.919708102,0.027625378,,Private / no public equity,,,,,,,,,,,,,,,,,,,,,
Media & Entertainment,0.718623851,-0.150947094,2.681914665,0.484560112,0.106217841,0.286000091,-1.221349039,0.488956243,-0.858215399,EA,Public (direct listing),0.05717391304347826,,0.16149334859104564,-0.07758614605220227,0.26134514889594296,0.07101112801216876,0.15429557827645732,0.1187335092348285,0.2023140481798078,0.03682804866789202,-0.13500672073809605,0.12685424173438004,-0.03802745280317915,0.20237513238982024,-0.019430454869752818,0.12572087544201657,13800000000.0,,0.061687706699276396,0.06674879937256806,9.464982590349765
Insurance,1.035076341,-1.34871498,-0.208520033,-0.446486766,-1.169722637,-0.636075551,,-0.261940592,-0.468865583,ELV,Public (direct listing),0.0573597391854411,0.12951622559308706,,0.14908084020361234,0.2766553057560197,0.042625323165476986,,0.02638522427440626,-0.590667507736772,-0.22610094226884758,0.05708863948014753,0.05915986071719822,0.00028368898690529385,0.05459027513545628,-0.0017734030064982245,0.15351424682764458,97460000000.0,0.01640673096655038,-0.019943411965243425,0.22312500067231866,11.494761494342557
Life Sciences & Biopharma,0.426480931,1.149338821,1.035230903,0.530080515,0.976936246,0.606769095,0.335534587,1.107805461,-0.366172548,LLY,Public (direct listing),0.12618357722197301,0.007874738685801352,0.2901189149796436,0.4137680951213818,0.27136041041350817,0.22725225326470522,0.47297628357289667,0.5554246209443003,-0.014285561164704808,0.1978607646795385,0.20694346598914626,0.1529739086057285,-0.048686987465678344,,,0.12672823496714292,48806000000.0,0.34301520304880545,-0.04580164810822164,0.4539008796347219,10.46310334047155
Industrials,0.528156305,0.434721778,0.889632823,1.091481232,0.743327221,1.314889947,-0.038209472,0.119976014,-0.434641448,EMR,Public (direct listing),0.09057524108544517,0.06742963192081652,0.17067516661837148,0.027336565314622918,0.2694906565994441,0.05803878747596553,0.19955230399650578,0.02933212996389889,0.06417457315021768,-0.15777817215651213,-0.028556939331676023,0.09553428712927485,-0.005848016607244104,,,0.025484049124082087,35672000000.0,0.01446512671002467,0.08138440784151012,0.11933008237221172,11.356271654924852
Financial Services,1.108226497,1.272010937,1.525553384,2.070707386,0.257011703,2.938804897,,2.404605042,0.31556448,GWLIF,Public (direct listing),0.005542943680954945,-1.041786273992583,,-0.1939057466449977,0.25504987927837913,,,,-0.02780891280707465,0.3634333930285272,0.3196806015899214,0.005288123283629514,,,,,616854000000.0,0.014272421026693512,,0.04616720817001526,
Business Services,-2.380874257,-0.620575791,-0.002637171,-1.272101768,0.461338537,-1.532859756,,-1.141990382,0.646663195,,Private / no public equity,,,,,,,,,,,,,,,,,,,,,
Travel & Leisure,-0.551002816,,-0.054491502,-0.665992281,,-1.03857551,,,,AAL,Subsidiary (proxy = parent listing),0.0019624204215340875,0.6388126631416906,0.03675644769353291,-0.32872984703712627,0.5632410241107345,0.003215024669743753,0.03212844233310712,0.10843757469524351,-0.20020182813548026,0.034467008581446246,0.16073954303902505,-0.048390141823709376,-0.029043573175635776,-0.1898518645229751,-0.05120379116667579,0.051199357161720194,66467000000.0,0.03482931379481547,0.6300054401183008,-0.19681345334820458,11.723186390453424
Software & IT Services,-0.124957072,0.772799731,0.953586952,0.439798024,1.247937926,1.444436804,1.607593415,1.494565085,1.379877824,EPAM,Public (direct listing),0.10461466779375483,0.2837980662795252,0.11875686312386806,-0.43982578920527626,0.9292532139550348,0.08073599514143914,0.09674165342885557,0.07557010414137899,-0.36459321022461144,-0.6640599878904462,-0.46553326251369553,0.12441764816665801,0.010191423555356252,0.13965504729384828,0.006137137552570303,0.28626729374681514,3523227000.0,,0.062188439617566295,0.36249730630343596,10.968198289528557
Software & IT Services,-4.523885154,0.229213705,-0.818522256,-1.031258453,0.963550796,-0.999014708,-0.558447213,-1.633235299,1.273335258,,Private / no public equity,,,,,,,,,,,,,,,,,,,,,
Software & IT Services,-0.797612866,0.160938544,-0.347395771,-0.418527519,-0.763919258,-0.88249263,0.475116318,-0.775044944,-0.540316405,EFX,Public (direct listing),0.06028801773482625,0.04027295436544209,0.2061614150169849,-0.28270056722527603,0.38991856525910096,0.058777144371150586,0.18260260451491706,0.14348127600554794,-0.43472406113534967,-0.6015935067823381,-0.47959461644432855,0.023696976579680354,0.058913746745803845,0.09980718887837296,0.16336927370881138,0.18484012771713354,11040900000.0,0.48230669601210047,-0.06822878681546973,0.20856179564490196,8.160518247477505
Financial Services,-0.445803738,1.271561662,-0.217671742,1.165349733,1.027940061,1.519972946,,1.645736483,1.511868604,EQH,Subsidiary (proxy = parent listing),,,,,,,,,,,,,,,,,,,,,
Software & IT Services,0.875355019,1.214295582,0.808409568,0.411329681,0.298594326,0.441051909,-0.503345547,0.78602398,-1.194641209,ERIC,Public (direct listing),0.05356800567608007,0.16887488485411994,0.09853210874032392,-0.45344653483021913,0.44043050178557175,0.08967021690700638,0.11362495021386393,-0.10346206269877334,0.4237037933746495,0.3421145882310608,0.45069963373839217,0.07425706937509408,,0.13439138407500192,,,305614000000.0,0.1345946193564431,,-0.06034617402003417,
Outsourcing & Staffing,2.360953804,,0.927246421,-0.376214526,,0.9328108,,,,,Unresolved - verify (likely private/subsidiary/foreign),,,,,,,,,,,,,,,,,,,,,
Consumer Products,0.366085017,-0.244130468,0.506991506,0.07021038,0.565835896,-0.017970469,,-0.145981973,-0.049138975,EL,Public (direct listing),0.11429937828790053,0.09386370644464992,0.19980831031177765,-0.30164868531259525,0.42241442770066123,-0.012633884792215897,0.1054405716982404,0.045633802816901436,0.009604735297065625,-0.17592329728251732,-0.09524559794835086,0.08707378276171786,,0.13454865983678607,0.018836334089197253,0.06332425815384128,20910000000.0,,0.06607334551862802,0.14602364409214605,7.611842399580417
Life Sciences & Biopharma,-0.555278649,-0.148963526,-1.150785772,-2.230047418,0.729925293,-0.595581929,-0.486380498,-0.958072615,1.760300953,ERFSF,Public (direct listing),0.06051470223632667,-0.000833618649240031,0.11668479313478643,-0.36589402949319816,0.49647459736730887,,,,0.21631925616765768,-0.24211734028704546,-0.1281285297322179,0.08385928442077516,,0.18984176131711747,,,9332300000.0,0.2951148162832314,,0.17777210260750795,
Internet,0.706424772,0.195351516,1.191135716,0.671328423,-1.168455474,-0.576525057,-0.9419549,0.153058774,-1.40118672,EXPE,Public (direct listing),0.016325773387134177,0.35694347522679704,0.10191137396074398,-0.5266131095352364,0.5249666548499309,0.057789213068595566,0.16149232087535428,0.14658634538152615,0.3079021052479305,0.07119394651365551,-0.09612413148350996,-0.03760494621893136,-0.01291262397979984,-0.1421733548702723,-0.026599624531835377,0.042312012402765053,21548000000.0,0.03410989418971598,0.4630495117080133,0.015562375604921389,9.602382459752208
Software & IT Services,0.982692412,0.830825456,2.120939668,1.798341765,0.369124192,1.380346888,1.736683147,0.988695637,-1.885637932,EXPGY,Public (direct listing),0.10693959977969525,,0.21771628498727735,-0.26096140914127597,0.34901026950168124,,,,-0.44354737676756184,-0.5618572933448609,-0.43818350083181545,0.10693959977969525,,0.21771628498727735,,,10894000000.0,0.37598678171470534,,0.032796198999223224,
Outsourcing & Staffing,0.027994322,,0.558660265,0.420075839,,0.474539974,,,,,Private / no public equity,,,,,,,,,,,,,,,,,,,,,
Specialty Retail & Apparel,0.471579978,,-0.271324918,0.184820372,,0.11762845,,,,,Private / no public equity,,,,,,,,,,,,,,,,,,,,,
Outsourcing & Staffing,-0.710410571,,0.255406156,0.667397706,,1.02061774,,,,,Private / no public equity,,,,,,,,,,,,,,,,,,,,,
Business Consulting,-0.480863778,0.630583523,0.88200867,-0.41610013,0.482631104,0.289629888,,0.464081781,0.338082706,,Private / no public equity,,,,,,,,,,,,,,,,,,,,,
Business Consulting,-0.705586071,-0.594915837,-0.189007014,-0.259872668,0.797799032,-0.237463545,,0.916416426,-1.289441522,,Private / no public equity,,,,,,,,,,,,,,,,,,,,,
Travel & Leisure,-1.255264516,,0.501437986,-0.05441489,,-0.376862733,,,,ACCYY,Subsidiary (proxy = parent listing),,,,,,,,,,,,,,,,,,,,,
Financial Services,-0.100066227,4.120808537,0.78438151,4.062814484,0.743706282,3.805487716,,1.754247927,2.480171997,,Private / no public equity,,,,,,,,,,,,,,,,,,,,,
General Retail,-0.996128349,,-0.160971246,-1.969132652,,-0.20325201,,,,DLTR,Subsidiary (proxy = parent listing),0.06113213453765342,,0.06881905080315487,0.012441628234973523,0.4118641076758547,0.09470801307536002,0.08822710262863392,0.07244002845011521,0.1721658468383478,-0.08917416177596604,0.15090961628753408,0.012598203863776544,0.055946608214033224,0.03878792151227337,0.035058854678345186,0.04876434775041686,21721800000.0,,-0.0015617503338244071,0.15599283854590387,12.257240932104573
Financial Services,2.668863176,0.46668304,0.328987418,0.414894175,-0.63796484,-0.065382063,,0.695049811,-1.728203297,FNMA,Public (direct listing),0.003001657496548431,-0.02330313145763785,,-0.5778401103787756,0.5283695818721353,,,,-0.09964549335472306,-0.46005051320623125,-0.5526764653246367,0.005243587033471848,,,,,4229166000000.0,0.9832177313446671,,-0.5167657085034087,8.909235279192261
Insurance,-0.403713575,-1.792268461,-0.014475512,-1.384296951,-0.628355095,-1.25232387,,-1.038402379,0.801931546,,Private / no public equity,,,,,,,,,,,,,,,,,,,,,
Software & IT Services,-1.009256591,-0.577723432,-0.096217446,-1.162304662,1.141989879,0.545781424,-0.141170729,0.752610403,1.475449601,FDMGF,Public (direct listing),,,,,,,,,,,,,,,,,,,,,
Supply Chain & Logistics,0.317234145,,1.14439804,0.065022409,,0.648276669,,,,FDX,Public (direct listing),0.044491476149498804,,0.06975575327230729,-0.32069753126009704,0.4392077784325604,0.04982817392077387,0.07038821750622735,0.08303249097472931,0.4846575186861086,0.5483017809892026,0.5963778768418386,0.03377476924260469,0.014940274593925195,0.05888583032443491,0.004294656780700958,0.10664471079743076,85994000000.0,0.23020210712375283,0.06030584051151571,0.13854802585253326,
Supply Chain & Logistics,-0.095808904,,0.597077425,-0.774051685,,0.546330413,,,,FDX,Subsidiary (proxy = parent listing),0.044491476149498804,,0.06975575327230729,-0.32069753126009704,0.4392077784325604,0.04982817392077387,0.07038821750622735,0.08303249097472931,0.4846575186861086,0.5483017809892026,0.5963778768418386,0.03377476924260469,0.014940274593925195,0.05888583032443491,0.004294656780700958,0.10664471079743076,85994000000.0,0.23020210712375283,0.06030584051151571,0.13854802585253326,
Supply Chain & Logistics,-0.452296658,,-0.34275103,-0.107008549,,0.416461205,,,,FDX,Subsidiary (proxy = parent listing),0.044491476149498804,,0.06975575327230729,-0.32069753126009704,0.4392077784325604,0.04982817392077387,0.07038821750622735,0.08303249097472931,0.4846575186861086,0.5483017809892026,0.5963778768418386,0.03377476924260469,0.014940274593925195,0.05888583032443491,0.004294656780700958,0.10664471079743076,85994000000.0,0.23020210712375283,0.06030584051151571,0.13854802585253326,
Supply Chain & Logistics,-0.288530681,,0.648083978,-0.62482968,,0.527001463,,,,FDX,Subsidiary (proxy = parent listing),0.044491476149498804,,0.06975575327230729,-0.32069753126009704,0.4392077784325604,0.04982817392077387,0.07038821750622735,0.08303249097472931,0.4846575186861086,0.5483017809892026,0.5963778768418386,0.03377476924260469,0.014940274593925195,0.05888583032443491,0.004294656780700958,0.10664471079743076,85994000000.0,0.23020210712375283,0.06030584051151571,0.13854802585253326,
Supply Chain & Logistics,0.536414763,,-0.90395828,0.534031455,,0.269526792,,,,FERG,Public (direct listing),0.13549581763616628,0.25333450333450336,0.09871875656374711,-0.2621701703705036,0.36767954164206323,,,,0.2520158258040386,-0.19764129298237343,-0.12449679254398793,0.12143526748757033,,0.09213754606004133,,0.25333450333450336,15661000000.0,0.3274375838069089,,0.1939869944124485,
Financial Services,-0.027590152,0.190960243,0.476684892,0.754337796,0.620211397,0.72856637,,0.118672774,0.63268809,,Private / no public equity,,,,,,,,,,,,,,,,,,,,,
Financial Services,-0.292629808,0.14095257,0.690802337,-0.524603469,0.563823127,-0.092672421,,0.417127423,0.510328403,FITB,Public (direct listing),0.011790679289667007,0.07940314415134564,,-0.30160930929863183,0.36217118761922307,0.009303132047320533,,0.3137440758293839,0.11577193155621335,-0.02853711146138771,0.007344282918269496,0.01312074878265977,,,,,211116000000.0,0.05599291384831088,,0.11436812107320608,9.897066984733206
Restaurants & Fast Food,1.245214781,,-0.350098336,-0.106908445,,0.240658007,,,,,Private / no public equity,,,,,,,,,,,,,,,,,,,,,
Outsourcing & Staffing,-0.493628903,,0.224115311,-0.304289056,,1.220094872,,,,,Private / no public equity,,,,,,,,,,,,,,,,,,,,,
Financial Services,0.740215647,-1.858187779,-0.234618157,-1.082143134,-1.92521943,-0.613169818,,-0.00823036,-0.480705263,FIS,Public (direct listing),-0.2647365593097127,0.04079665917121744,0.1315843621399177,-0.4095715356137738,0.48374747439839266,0.07448373980904824,0.1693181818181818,0.30134281200631907,-0.62544135724117,-0.7035165766323158,-0.48237615905750963,0.0034895349579627155,0.0007362225971536553,0.07125978384519914,-0.008876070576822616,0.16015486483034025,82931000000.0,0.019498137005462372,-0.08391835303016562,-0.19340271118689759,10.596634733096073
Financial Services,-2.207058884,-1.357265043,-2.005502755,-2.327094424,-0.194382926,-2.905284488,,-2.323948029,0.3661087,FI,Public (direct listing),,,,,,,,,,,,,,,,,,,,,
Financial Services,-2.139158916,-0.172824683,-0.725413048,-0.395710926,0.660398201,-0.343827086,,-1.000737073,-0.377729426,,Private / no public equity,,,,,,,,,,,,,,,,,,,,,
Specialty Retail & Apparel,-0.211801625,,0.124456848,-1.282146555,,-0.773756183,,,,FIVE,Public (direct listing),0.09679356769404887,,0.13336825408639516,-0.08321950830835678,0.5351816373099814,0.09089163857952892,0.11040962572614467,0.3246432093079328,2.549881818504069,0.4710532991102421,0.3268529409713996,0.09915211067704038,-0.021714129961972656,0.11248637572429429,0.00012709876800763318,0.2327615657142191,2880460000.0,,0.1337630464235613,0.1534993805167224,8.716044050161402
Restaurants & Fast Food,-0.762107915,,0.111636722,0.393440412,,-0.437655159,,,,,Private / no public equity,,,,,,,,,,,,,,,,,,,,,
Specialty Retail & Apparel,0.871175867,,-1.982214612,-0.14281621,,-0.716512984,,,,FND,Public (direct listing),0.06853100792831104,0.24200728520739423,0.1020998374242257,-0.4037759520020128,0.6067374577807598,0.036305588997337886,0.053948711894407295,-0.007290176956079697,-0.6659462033792987,-0.6042176990969023,-0.4366736900895295,0.06947245491765133,0.005556021199885629,0.08833633355215294,0.010454012716829619,0.30068495589851263,3730695000.0,0.0005637019375746343,0.02803366427122084,0.25914066335089264,15.424948470398377
Specialty Retail & Apparel,2.138702965,,0.512423792,-0.850068694,,-0.140769734,,,,,Private / no public equity,,,,,,,,,,,,,,,,,,,,,
Grocery Stores,0.638954876,,0.478065061,-0.050134108,,0.582169563,,,,ADRNY,Subsidiary (proxy = parent listing),,,,,,,,,,,,,,,,,,,,,
Specialty Retail & Apparel,-0.364014709,,0.916506626,0.009476661,,0.363290514,,,,DKS,Subsidiary (proxy = parent listing),0.16809615827862004,,0.16657786539864422,0.04224903292519855,0.5307677060925441,0.0571174323811657,0.07648425168785938,0.6267809292094912,-0.20855610764618726,-0.11193955700284053,-0.1489865216227101,,,0.08462510518779026,0.03727856462907755,0.13838577741439084,9041676000.0,,0.12272751447846224,0.48496764957195254,7.61085279039525
Industrials,0.391325944,0.505647383,0.092716501,-0.072777197,-0.394475154,-0.129792898,-0.274006445,0.759977839,-0.619222509,F,Public (direct listing),-0.007741789248253115,0.15927710666637318,0.03970719424005264,-0.5075288430588083,0.4925808502628142,-0.02095581515289078,-0.03770653267390354,0.06379891290981088,0.0033280351520812435,0.37597178360529715,0.33339818770265817,0.06978427062462311,,0.000728889876929352,0.014746163120717274,-0.05605813333450649,257035000000.0,,0.1718643390932995,0.3168988938711394,12.117241431823558
Specialty Retail & Apparel,-0.359956467,,-0.3687353,-0.671938397,,-0.950713769,,,,,Private / no public equity,,,,,,,,,,,,,,,,,,,,,
Software & IT Services,0.403699953,0.789726559,-0.070070552,0.041445484,0.872244985,0.436220461,0.11239452,0.02194263,1.16023446,FTNT,Public (direct listing),0.13765253692999357,0.32170426665070906,0.21949563091411237,-0.23161625226043792,0.5498668143634322,0.19411352835726026,0.3109782685139602,0.20127297525491983,-0.3787358155116216,0.11060236537344714,0.48146203580520885,0.10244242080351233,0.009242607908897398,0.18640500056443735,0.01748483529683274,0.24573205099262263,5919100000.0,,0.059238182856941705,0.5190388881026264,9.229652683008556
Business Services,-0.923708483,1.738031695,0.801814254,1.333497655,0.629260647,1.451695935,,1.393367515,0.415819295,,Private / no public equity,,,,,,,,,,,,,,,,,,,,,
Travel & Leisure,-1.369641819,,0.369823906,-0.008884612,,-1.400638946,,,,,Subsidiary of private parent,,,,,,,,,,,,,,,,,,,,,
General Retail,-0.229347567,,-0.248411427,-2.280858549,,-1.611878577,,,,KR,Subsidiary (proxy = parent listing),0.033716334596422606,,0.025216117428637736,-0.02747897311754066,0.3325320728135944,0.019516786645600318,0.012801235420815215,0.012154599510318276,-0.2057092961585787,-0.3471385231112114,-0.18916938803388028,0.05127118504986254,-0.012715383885320798,0.02154491362503038,0.0013498870721403622,0.044488615323286705,49086000000.0,0.009187955832620298,0.015701511673474493,0.19169992812695882,12.948009990259552
Financial Services,0.306767808,-0.91060291,-0.798791637,-0.651822353,-1.026422317,-2.02648071,,-3.037397763,-1.724092185,FMCC,Public (direct listing),0.0029071171851550322,-0.03129697963646305,,-0.5843793574466294,0.5148204145621835,,,,-0.028115080178030993,-0.4333359919032985,-0.6051745873068616,0.004002199904415211,,,,,3025586000000.0,0.9857435881842393,,-0.5041221926060188,8.8934354408475
Specialty Retail & Apparel,-0.284315311,,0.377805,0.873778109,,1.62336645,,,,URBN,Subsidiary (proxy = parent listing),0.08192761042447447,,0.08981914423767516,-0.15988912779137654,0.5185126333996428,0.09742593628243881,0.09768347469298204,0.1142112717478212,0.08316311584054126,-0.24913970884981518,-0.1430788917153235,0.06772640380009998,-0.02183610486305176,0.061426858885454474,-0.007716750930626552,0.06430660248810711,3791347000.0,,0.15509141435318632,-0.027955664849190875,10.043249494911286
Financial Services,0.11988304,-2.758643593,-2.67645087,-1.632764549,-0.697781622,-0.931980633,,-0.942120371,1.028145087,,Private / no public equity,,,,,,,,,,,,,,,,,,,,,
Outsourcing & Staffing,1.799029774,,1.703167981,-0.614378605,,1.489043176,,,,,Private / no public equity,,,,,,,,,,,,,,,,,,,,,
Consumer Products,-2.403695858,-1.462833157,-1.386535335,-1.516731803,0.666798245,-1.369383237,,-1.158533538,1.162365367,,Private / no public equity,,,,,,,,,,,,,,,,,,,,,
Business Consulting,0.15436041,0.627033473,-0.725265314,0.741683506,0.964701612,0.933428193,,0.650585642,0.178112177,FCN,Public (direct listing),0.07265795378365013,0.09101793732633778,0.10307939362965135,0.03220858457953102,0.3445545214016624,0.07629724419628549,0.10177985090037997,0.09469520707305734,-0.13265682306554338,-0.30387717827657756,-0.18715126712010355,0.07787098178964638,,0.12989025029359672,,,2783142000.0,0.0,0.02243819559526152,0.13523297948508983,8.821732380934442
Outsourcing & Staffing,-0.425514115,,-0.685252496,-1.03285786,,-0.789519104,,,,,Private / no public equity,,,,,,,,,,,,,,,,,,,,,
Insurance,-0.316756143,-0.423797408,0.01279129,0.189011498,0.813982556,0.183012878,,0.537729879,0.524577826,AJG,Public (direct listing),0.02904709268374072,0.041562111725582884,0.19494538394966435,0.15497563891157218,0.2672231071302351,0.020919240710483147,0.18213937459091942,0.2766299973168769,-0.6096177443589088,-0.6019193682103047,-0.476956256371757,0.0326407713865024,-0.0034337448350583643,,,0.07278339609797024,33345000000.0,0.0006777627830259409,0.03408195926792171,0.2973321543674043,10.571316925111784
Specialty Retail & Apparel,-0.902761949,,-0.453438001,-1.313488485,,-0.764458764,,,,GME,Public (direct listing),-0.10896465007287172,,-0.06019265642936763,-0.43743362050175105,0.9709120982038416,0.07224792625637506,0.1071313759108444,0.14049699617695244,-0.3548640829055707,-0.34194062701956685,-0.3733873210450305,-0.13236240218308978,0.025225642304344948,-0.06363919698848813,0.008534241011306943,-0.08382918506492731,3499300000.0,0.0011716629040093734,0.20025607858326266,3.0237251239276692,9.546812608597396
Specialty Retail & Apparel,0.814994503,,1.253319209,0.557698946,,0.505514902,,,,GAP,Public (direct listing),0.020061123736384297,,0.04859028194361128,-0.325623925807236,0.5979125676827692,0.07807649386222988,0.08441558441558442,0.009818076812012633,0.04047240284689235,-0.2675779880611082,-0.14056529061969048,0.030508937092382653,-0.0387608557110975,0.025827499305417407,-0.019817073619780756,0.012808599201115508,12761000000.0,,0.10992639988815016,-0.0786516967224918,11.48246625748552
Outsourcing & Staffing,-0.219987889,,-1.736494102,-0.995970351,,-1.755733543,,,,,Private / no public equity,,,,,,,,,,,,,,,,,,,,,
Business Consulting,1.169393306,0.63544569,-0.200169001,1.119429765,-0.101179884,0.058724271,,-1.275763416,-1.821826776,IT,Public (direct listing),0.11066139926156233,0.15671524190519492,0.20255956796447527,0.10059823311645677,0.3599396121354991,0.0945969997757805,0.18653188834280152,-0.015050223905405669,-0.9039724733847665,-0.8375465546586409,-0.49206926478599566,0.058694842591819,0.03718986476902684,0.13339476270070516,0.053133779844413,0.06021076956725102,7416324000.0,0.0007997223422277667,0.09554336497525333,0.3952169668584487,9.717157974344635
Industrials,0.249485861,1.037542367,0.577857498,0.28688053,0.138077543,0.838991669,-0.054203506,1.081829571,-0.295563709,GE,Public (direct listing),0.001779180412070892,-0.4839823620039314,0.12340849033940766,-0.17219886079302593,0.35202329720695685,0.06740699806488021,0.18626842192415963,0.2474330581840145,0.36886272268065734,0.07065188984260962,-0.059440923078816654,-0.009664665885784136,-0.0070349545698142535,,,-0.11595041072175066,198874000000.0,,0.0977915527014661,-0.028105347996268033,9.903487552536127
Life Sciences & Biopharma,-0.121618232,0.790506823,0.864241226,1.307490705,0.271803484,1.462217184,-0.360477401,0.327981224,-0.699440442,GEHC,Public (direct listing),0.06957405860779259,0.0429911856696048,0.1375061337985933,,,0.052451633277952464,0.12626912626912626,0.0741050868746076,-0.16043617936903387,-0.4140904343318098,-0.31159425116775963,0.08541128173939486,,0.1589422803525732,,,26308000000.0,0.016610916831382088,,-0.02699999188202784,
Industrials,0.387315568,0.153825871,0.514573762,0.263272056,-1.686317435,0.212843533,-0.729789991,0.68046051,-0.284918571,GEV,Public (direct listing),-0.06152323986418115,-0.10155729261346425,-0.09715384096580562,,,0.15237460585768617,0.038781937319043024,0.16259960159362552,1.83380237137058,0.6815099267702185,0.4620177476136116,,,-0.02678300914985154,,,,,,,
Insurance,-3.220332611,-2.850418923,-2.563455857,-2.918587476,-2.428664488,-2.652400964,,-1.479875384,1.228560903,BRK-B,Subsidiary (proxy = parent listing),,,,,,,,,,,,,,,,,,,,,
Life Sciences & Biopharma,0.687141034,2.067168844,0.671498328,2.234026761,-0.601626446,0.232601958,1.75712749,1.646980325,-1.362037632,RHHBY,Subsidiary (proxy = parent listing),0.14090594547991514,0.04797694304230826,0.2655362081016197,-0.20217296177596633,0.25464312664366306,,,,0.11196732606964321,0.07732231941564383,0.0675662238676451,0.1508931182772404,,0.28908775337972326,,,92317000000.0,0.35261111171290227,,0.03292842018783704,
Industrials,0.446757238,-0.45877664,-0.522043669,-0.776302817,-0.183249768,-0.210950802,-0.329091637,-0.363658242,-1.793548583,,Private / no public equity,,,,,,,,,,,,,,,,,,,,,
Industrials,0.341302582,0.27601613,-0.482950893,-0.573225197,0.576691365,0.745392584,-0.509203524,-0.128671516,0.366234023,GD,Public (direct listing),0.06571677813317825,0.02438326964568871,0.10685918745400563,0.20200025781645747,0.23626358573425085,0.07524537949862414,0.10236396074933095,0.10292072322670376,0.12005994697273437,-0.03657504239242293,-0.1070530846491291,0.06603460401492102,-0.003144238264941072,0.11177156445164799,-0.004951217507005092,-0.010934684335682288,50073000000.0,0.23178159886565614,0.03029836925740727,0.1824675195604124,5.993961427306569
Consumer Products,0.919180835,1.246407254,0.395412568,0.623270312,0.897958405,1.531465015,,0.545882028,0.07858024,GIS,Public (direct listing),0.08707916668006857,,0.1713912640579588,0.2718856779458376,0.2251281424426452,0.06759219406771125,0.14541782790454624,-0.08374292676882411,-0.6463962520258054,-0.5646576415566008,-0.44198238402508017,0.07239282996004653,0.008929378438276297,0.1683130522144448,0.010739267834750396,0.04043271197397277,31090100000.0,,0.0013083936066214826,0.2103254094378121,
Industrials,0.636404469,-0.734163393,-0.30574007,-0.390429986,-0.557287058,-0.843174565,-0.774312031,-0.699536442,0.080408217,GM,Public (direct listing),0.03762351488617126,0.23409498913420057,0.06580534022394488,-0.452502042511821,0.44069532915233844,0.008910256972653336,0.013443612117666813,-0.00899591094956842,0.3668132285838994,0.3746247080250844,0.22467042686017047,0.03259630128950113,0.005709738231786997,0.06260041043060792,0.018706835851211728,-0.034525996930923675,244718000000.0,,0.1908974809626748,0.04242490889107531,3.970291913552122
Business Services,0.572287817,-2.068358604,-0.274939909,-0.106257519,-0.15936127,-0.515090792,,-0.613769395,0.118194346,,Private / no public equity,,,,,,,,,,,,,,,,,,,,,
Consumer Products,-0.257325469,0.416357865,-0.382538288,-0.784389604,-0.221985655,-0.376234995,,0.17953264,0.740774978,,Private / no public equity,,,,,,,,,,,,,,,,,,,,,
Grocery Stores,1.545629351,,-0.118771423,-0.540841614,,0.873232502,,,,ADRNY,Subsidiary (proxy = parent listing),,,,,,,,,,,,,,,,,,,,,
Grocery Stores,0.696779115,,0.516486087,-0.123337162,,0.191250339,,,,,Private / no public equity,,,,,,,,,,,,,,,,,,,,,
Life Sciences & Biopharma,-1.180908823,0.075128894,-1.444626338,0.820239336,0.519420891,-1.307947815,0.453301495,-0.559504473,0.44825978,GILD,Public (direct listing),0.07269158316316031,-0.0008789598974546786,0.4022579817455372,0.23466932361348558,0.249984113689526,0.1605889656073708,0.400248873343647,0.04394780260986941,0.04264228009051352,-0.009915005622727735,0.08606431323033514,0.060267867395517795,0.002106012377780643,0.23969587158932723,0.08613199379618698,0.10286992323576061,67952000000.0,0.022309865787614788,-0.05033034368431657,0.14192669903511831,
Business Consulting,0.100450351,-1.521123198,-0.720008951,-1.072139892,-2.981015798,-3.019633078,,-2.127584745,-0.254582547,,Private / no public equity,,,,,,,,,,,,,,,,,,,,,
Specialty Retail & Apparel,1.406700511,,0.713375087,-0.786222306,,0.134790619,,,,,Private / no public equity,,,,,,,,,,,,,,,,,,,,,
Internet,0.202266466,0.435694696,0.019956792,0.483041795,-0.198982556,-0.170234598,-0.72122283,-0.317809212,-0.871753089,GDDY,Public (direct listing),0.050505485050548506,0.07222790051628802,0.1257546501112116,-0.06810916541865986,0.3847385524806748,0.10726117868952999,0.23920616278838305,0.0607887465460939,-0.8139302292163624,-0.7552564118612317,-0.4889425356091204,-0.007518029543773566,0.005462931904996628,0.08333690304497131,0.016168308710939605,0.13021014755198335,7417100000.0,0.003249248358522873,-0.018870822674496548,0.04433165771323514,7.648739788956242
Internet,0.268697371,1.307545061,0.279807369,-0.955676982,1.369912877,1.396516403,0.189643998,0.715648867,0.599374746,UBER,Public (direct listing),-0.2846865364850976,0.8262389000286452,-0.057470903786429085,-0.4244359922234713,0.6369600662764924,0.1417350931277566,0.11660178441708421,0.1448018728864997,-0.22212215549183245,-0.4722286331055896,-0.4095813480669944,-0.16138047761344568,0.1275103245671976,-0.42128157293304497,0.1939847300848661,0.17719610157242865,38774000000.0,0.0006963429101975551,0.5194317423731571,0.00942772522079279,10.28534279500516
Insurance,-0.107240937,-2.122099508,-2.896619646,-1.519327151,-2.191385786,-2.673504223,,-3.454084977,1.704815799,,Private / no public equity,,,,,,,,,,,,,,,,,,,,,
Financial Services,-3.538147247,0.596714021,-0.126883705,-0.369088621,1.173679386,0.497910004,,0.962559422,1.548596701,GS,Public (direct listing),0.007810381336094698,-0.20178971671244883,,-0.11301075499514468,0.2945121717095382,0.0096847017972953,,0.1437392112601248,0.5757984090715511,0.2380477196269153,0.18069092418491617,0.014778126596666092,,,,,1463988000000.0,0.21986450708612365,,0.17098848759024912,
Industrials,-0.451940739,0.810353655,-1.095962453,-1.335527269,0.132643403,-0.936592113,-0.710913409,-1.174149736,0.461561994,GT,Public (direct listing),0.009005394320360216,0.19035358736697572,0.050660898822398465,-0.5409186131184733,0.6515163838724626,-0.10535890244826802,0.03277864641501005,-0.0874676698800847,-0.5626084198623903,-0.6641336594077686,-0.32926583298572076,-0.019457317699438547,0.02689738806329527,,,0.1270794893763743,21402000000.0,0.314736940472853,0.17737414871907314,0.09340824582268792,
Software & IT Services,-0.994967176,0.987719398,0.04373156,-0.134811707,0.100192269,-0.407460932,1.745289079,0.775550906,-0.926232091,GOOGL,Subsidiary (proxy = parent listing),0.16418809409084936,0.09780815643715779,0.2646127084246701,-0.370920772919069,0.3874360114810825,0.27412669256652417,0.32693331818536847,0.21790012633818745,0.7058801468729579,0.9314981332855137,0.41686747555460135,0.1244721991671167,,0.2114891540063142,,,275909000000.0,0.0,-0.01494858184558218,0.1891319939765748,
Internet,-1.117465034,-1.536305767,-1.052670876,-1.176586684,-0.504497642,-1.285847624,0.091126009,-1.565867026,1.625527081,,Private / no public equity,,,,,,,,,,,,,,,,,,,,,
Business Services,-0.680496715,0.637084457,1.319759309,1.436932448,0.488721525,0.462212175,,1.147206008,0.727238341,,Private / no public equity,,,,,,,,,,,,,,,,,,,,,
Travel & Leisure,0.339946661,,-1.209593679,1.017701575,,-0.926581008,,,,,Private / no public equity,,,,,,,,,,,,,,,,,,,,,
Restaurants & Fast Food,-0.66934359,,0.660801728,1.187611638,,0.219951424,,,,,Private / no public equity,,,,,,,,,,,,,,,,,,,,,
Life Sciences & Biopharma,-0.954345467,-0.159252535,-2.801022415,-1.334057284,0.322369764,-1.688068445,-0.881636004,-2.656810292,0.414730314,GRFS,Public (direct listing),0.008715903241438928,0.22923615449701384,0.11196597870667832,-0.30249035076547515,0.5081770855540763,,,,-0.03768906006844164,-0.34967257836193444,-0.3509223364645917,0.009812187741030326,,0.11402707172218463,,,19233835000.0,0.4847866273158733,,-0.29015412942448926,8.333991247194975
Internet,0.463201498,-0.991493888,-0.40223679,-0.542635155,-0.716613947,0.315612444,-0.272897981,-0.745366595,0.799800565,,Private / no public equity,,,,,,,,,,,,,,,,,,,,,
Internet,0.867227752,0.465638415,2.050626774,1.0963614,-1.880004245,0.219439186,0.056713694,1.232755614,-0.285124527,,Subsidiary of private parent,,,,,,,,,,,,,,,,,,,,,
Life Sciences & Biopharma,0.461017936,0.230211726,1.781108104,1.243546756,0.361498783,1.051170896,-0.123280897,0.787557938,-0.90810235,GSK,Public (direct listing),0.248661590130682,0.18739876903142205,0.2294707406902196,-0.16902564899587225,0.27386884685678464,0.0953292120498479,0.25671140939597314,0.015034592868547136,0.37558149821231446,0.1098025213398659,0.0012723587897351951,0.05543405433422247,,0.19752186588921283,,,79103000000.0,0.30558891571748226,,-0.03312338414247962,9.203517146628055
Financial Services,0.558571768,-1.597562965,-3.254248904,-2.167118112,-0.409452945,-0.504256469,,-0.489097001,1.305333609,,Private / no public equity,,,,,,,,,,,,,,,,,,,,,
Business Consulting,0.957202412,-1.165791691,-0.676738084,0.150203777,-1.076868262,-0.975321271,,-0.879543789,-0.482541699,,Private / no public equity,,,,,,,,,,,,,,,,,,,,,
Specialty Retail & Apparel,0.182041789,,-0.736291427,-1.415902071,,-0.119334258,,,,,Private / no public equity,,,,,,,,,,,,,,,,,,,,,
Supply Chain & Logistics,0.478331522,,0.021759104,0.852503438,,-0.470149948,,,,GXO,Public (direct listing),0.021368912029504285,0.13261964735516374,0.03725119537417992,-0.5079399544551573,0.5539697745422086,0.010934167201640125,0.03370620045929328,0.10782667114544853,0.23910920640586353,-0.2230194923828417,-0.19636710087197762,0.008154113793534822,,0.015404911681050211,-0.0027983712765337295,0.14912622611637483,7271000000.0,,0.0580229841632918,0.07206114659826413,4.605170185988092
Specialty Retail & Apparel,-0.033873873,,0.360436311,0.571464321,,0.346229037,,,,HNNMY,Public (direct listing),0.019588240464053438,0.12356822990747207,0.03327175211247445,-0.4239546602317349,0.5052207358366004,0.07289342479603984,0.08550541654123177,-0.10348255109970539,0.22623000796788917,0.035063214892882,-0.17186092851140078,0.06124117676506416,,0.07667100574467123,,,179781000000.0,0.37095688643405034,,-0.1445438602404613,
Consumer Products,1.964935168,0.914013487,0.905612839,0.001541643,1.3522399,1.273261293,,0.220313455,1.020686556,,Private / no public equity,,,,,,,,,,,,,,,,,,,,,
Travel & Leisure,0.934363707,,-1.645459932,-0.178259794,,0.365512796,,,,HLT,Subsidiary (proxy = parent listing),0.08090510572460032,0.515722183828611,0.23868688020061551,-0.16656941263893454,0.3694336581888312,0.0938755631316206,0.23084439377900823,0.0897959183673469,0.18052765870228682,-0.015620951904465219,0.13982027626379478,0.014260347323694189,-0.016174750927835442,0.0842514883091184,-0.00040392500018009115,-0.10023520401641234,15441000000.0,,0.530025713158509,0.09073419507965223,12.154779351142624
Grocery Stores,1.484882908,,1.776943596,0.41510166,,1.399572468,,,,ADRNY,Subsidiary (proxy = parent listing),,,,,,,,,,,,,,,,,,,,,
Specialty Retail & Apparel,0.38638304,,-0.059057138,1.169155259,,-0.004107893,,,,,Private / no public equity,,,,,,,,,,,,,,,,,,,,,
Grocery Stores,0.605710975,,-0.177485317,-0.64024795,,-0.709570539,,,,KR,Subsidiary (proxy = parent listing),0.033716334596422606,,0.025216117428637736,-0.02747897311754066,0.3325320728135944,0.019516786645600318,0.012801235420815215,0.012154599510318276,-0.2057092961585787,-0.3471385231112114,-0.18916938803388028,0.05127118504986254,-0.012715383885320798,0.02154491362503038,0.0013498870721403622,0.044488615323286705,49086000000.0,0.009187955832620298,0.015701511673474493,0.19169992812695882,12.948009990259552
General Retail,-1.812857525,,-1.367284408,0.488556651,,-0.786677637,,,,,Private / no public equity,,,,,,,,,,,,,,,,,,,,,
Business Services,-1.140113383,0.321402544,-1.231675692,0.412997136,0.277027684,-1.385727557,,-0.799551559,0.148017943,,Private / no public equity,,,,,,,,,,,,,,,,,,,,,
Outsourcing & Staffing,-0.537594307,,-0.840890746,0.263447561,,0.309724184,,,,,Private / no public equity,,,,,,,,,,,,,,,,,,,,,
Software & IT Services,-0.580787911,-1.48710714,-0.453743583,-1.715505976,0.79660088,-0.213334558,-0.040231879,-0.664316399,0.900836054,,Private / no public equity,,,,,,,,,,,,,,,,,,,,,
Insurance,-0.357530052,-0.156185378,0.863148997,1.072218027,0.254500411,0.208262212,,-0.242674623,-0.074173505,,Private / no public equity,,,,,,,,,,,,,,,,,,,,,
Grocery Stores,0.380227571,,0.134205546,1.79007804,,0.631579029,,,,,Private / no public equity,,,,,,,,,,,,,,,,,,,,,
Restaurants & Fast Food,0.3853112,,-0.667338488,1.064196767,,-1.076475027,,,,HLFFF,Public (direct listing),0.05009466708740928,0.2692628558080554,0.0316147859922179,-0.6790386472622167,0.7528753398635889,-0.010988512010171184,0.027900756318022506,-0.13238721707152845,-0.7711221652763589,-0.730995434490189,-0.5588122186655416,0.10999320498301246,,0.06579070310675075,,,2207500000.0,0.2091506228765572,,0.7067190498482093,
Consumer Products,1.267916491,0.111030697,3.289863663,2.426183082,-0.235229762,1.389612848,,2.25281,-2.041489274,HENKY,Public (direct listing),0.0379559843231836,0.11616665005481908,0.07840335759253471,-0.1842874127401286,0.2697266489553215,,,,-0.25083498734630205,-0.21355582240324456,-0.12542029920971087,0.05000918161229112,,0.10769460779427888,,,32674000000.0,0.10531309297912714,,-0.09347929223011564,
Consumer Products,-0.063996782,-0.194417836,-0.155358069,0.151640129,0.691333926,0.356713392,,-0.821171135,0.706668854,HSY,Public (direct listing),0.15022778710399842,0.16139812828344313,0.21717172008007452,0.22074548480691059,0.21205992414793112,0.07985446876466547,0.1437053990034795,0.10648961884124963,-0.0095458094092995,-0.09968147145648243,-0.08801835969497884,0.14105395698906814,0.00033431354951950584,0.2154622154463318,0.01398415612528052,0.06064202535670982,10412231000.0,,0.07046478903996581,0.20318513492693216,9.71836206840944
Insurance,0.803553933,-2.107372065,-0.550701498,-0.787952113,-1.151512292,-0.914817983,,-2.059248553,-0.651651472,,Private / no public equity,,,,,,,,,,,,,,,,,,,,,
Industrials,0.360215342,-0.023490527,-1.142076161,-2.088744234,0.823841305,-0.089085005,-0.705870861,-0.353298648,0.625989359,HII,Public (direct listing),0.053329649074329924,0.12095758084838293,0.04842637692019483,0.224097910476601,0.2681878554626265,0.048702932238523615,0.04770799283990972,0.13350402340892464,0.8874592274831095,0.03590920937324493,-0.04798244082082248,0.07153287591824883,-0.013446206054869436,0.07397465785588155,-0.014420999646078984,0.034664307599224564,10627000000.0,,0.034520817618268536,0.03834498846195822,
Travel & Leisure,0.21996792,,0.724267396,0.809702803,,1.12644934,,,,HLT,Public (direct listing),0.08090510572460032,0.515722183828611,0.23868688020061551,-0.16656941263893454,0.3694336581888312,0.0938755631316206,0.23084439377900823,0.0897959183673469,0.18052765870228682,-0.015620951904465219,0.13982027626379478,0.014260347323694189,-0.016174750927835442,0.0842514883091184,-0.00040392500018009115,-0.10023520401641234,15441000000.0,,0.530025713158509,0.09073419507965223,12.154779351142624
Travel & Leisure,0.471368848,,0.989543157,-0.230508571,,-0.226717234,,,,HLT,Subsidiary (proxy = parent listing),0.08090510572460032,0.515722183828611,0.23868688020061551,-0.16656941263893454,0.3694336581888312,0.0938755631316206,0.23084439377900823,0.0897959183673469,0.18052765870228682,-0.015620951904465219,0.13982027626379478,0.014260347323694189,-0.016174750927835442,0.0842514883091184,-0.00040392500018009115,-0.10023520401641234,15441000000.0,,0.530025713158509,0.09073419507965223,12.154779351142624
Business Services,0.259547659,0.234837062,0.538949688,-0.500365099,1.526264329,1.24698021,,1.815854364,0.732917657,,Private / no public equity,,,,,,,,,,,,,,,,,,,,,
Specialty Retail & Apparel,-0.962004735,,-0.818015592,-1.241880374,,-0.850808268,,,,,Private / no public equity,,,,,,,,,,,,,,,,,,,,,
Travel & Leisure,-0.117345947,,0.341831086,-1.046501217,,0.506376202,,,,IHG,Subsidiary (proxy = parent listing),0.08894686907020873,0.33883728930168555,0.17651593011305242,-0.12413557577437717,0.358283243912618,,,,0.06633153784953416,0.1020329715097712,0.14913712683073377,0.05640373197625106,,0.17406260749914002,,,4716000000.0,0.6921119592875318,,-0.040673831661676894,12.691580461311874
Travel & Leisure,1.381204958,,-0.323479024,0.1183425,,0.551842123,,,,IHG,Subsidiary (proxy = parent listing),0.08894686907020873,0.33883728930168555,0.17651593011305242,-0.12413557577437717,0.358283243912618,,,,0.06633153784953416,0.1020329715097712,0.14913712683073377,0.05640373197625106,,0.17406260749914002,,,4716000000.0,0.6921119592875318,,-0.040673831661676894,12.691580461311874
Specialty Retail & Apparel,0.258479252,,0.530602524,0.20425595,,0.922198738,,,,ANF,Subsidiary (proxy = parent listing),0.08947467435688695,,0.09240652795973246,-0.3475990851066143,0.7118632986548206,0.14332666240681638,0.12993237300962632,0.015045871225204177,-0.0478378692845407,-0.3615503512133905,-0.24204486167781503,0.024353077080293162,0.012920076708216398,0.03516838850184695,0.014490017283200532,0.019918380160100318,2939491000.0,,0.08937894601947675,0.17888345238569348,10.357742824813725
General Retail,-1.293837616,,-0.746927977,0.007628919,,-0.554479526,,,,,Private / no public equity,,,,,,,,,,,,,,,,,,,,,
Specialty Retail & Apparel,0.820887544,,0.355026842,0.571077585,,0.162379786,,,,HD,Public (direct listing),0.2286298625410429,,0.15242430056166767,-0.18395112799768032,0.31472536446798444,0.13366338994853597,0.12448376872839031,0.04789743075070252,-0.350983109431226,-0.3703888812937387,-0.32894181460139227,0.22076642102850333,-0.010943773488523888,0.14450962366126968,0.002131447167673572,0.12047027651139038,71876000000.0,0.5064277366575769,0.06274410552740471,0.21183224367912393,13.103384410806528
Specialty Retail & Apparel,0.767033066,,0.726912028,0.03327772,,0.647136851,,,,TJX,Subsidiary (proxy = parent listing),0.11535083096166684,,0.09794026776519052,0.07529689413858454,0.3309426224668358,0.16543093472763898,0.12256430241621201,0.09244146136831666,0.05383677374716056,0.015165887768267439,-0.05634618601384456,0.11535083096166684,,0.09794026776519052,,,28461000000.0,0.43947858472998136,,0.11223350651946669,12.736700896592344
Industrials,-1.074558383,0.148565349,-1.000843687,-0.406090518,0.683983259,-0.084164283,0.005629568,0.331660486,0.586918995,HMC,Public (direct listing),0.029494117857588445,,0.05986739501739059,-0.19868827756006424,0.27886428621055454,-0.013276721427324046,-0.019009653336000416,0.08598887844535552,-0.36353805749064716,-0.3120512675516609,-0.26283840316585916,0.029494117857588445,,0.05986739501739059,,,23973153000000.0,0.12798637709441057,,-0.038001190709173106,12.295337315281143
Industrials,0.219120133,0.72481304,0.801422885,1.053921795,0.443326533,0.624876432,0.432632963,0.457325777,-0.260791539,HON,Public (direct listing),0.07974307507025291,0.03122819260293097,0.18121581232729939,0.025154352772524202,0.25057214706467407,0.053432354521913326,0.17188477545358105,0.024425770308123207,0.009923562773026529,-0.15633463556536897,0.08230599765968005,0.08821501540626862,-0.009362877896404349,,,-0.028576575521006398,64470000000.0,0.24906157902900575,0.07107733419952719,0.09382590091240857,11.502875129116727
Restaurants & Fast Food,0.806714936,,-4.163888416,-0.713100329,,-1.396961734,,,,,Private / no public equity,,,,,,,,,,,,,,,,,,,,,
Outsourcing & Staffing,0.813038894,,2.143003274,4.781678599,,1.328781066,,,,,Private / no public equity,,,,,,,,,,,,,,,,,,,,,
Specialty Retail & Apparel,-1.22336754,,0.374185741,-0.346556606,,-0.036470831,,,,,Private / no public equity,,,,,,,,,,,,,,,,,,,,,
Industrials,0.985657078,0.332980956,1.416161225,1.484344684,-0.030633887,0.840465453,-0.329091637,0.531931006,-1.111208507,HPQ,Public (direct listing),0.08136332935002857,-0.008666876772770227,0.08133841996502941,-0.28822071377903213,0.42030813045263027,0.06148325646922827,0.06572966194681018,0.08986384266263236,-0.43992647743327606,-0.13497483405294708,-0.09686183367363355,0.10690549587804477,0.005289801727856316,0.07121603175920205,0.0047161715712346775,0.025645697827039998,38587000000.0,0.004276051519941949,0.014045864875272353,0.1865722334879861,7.601901959875166
Software & IT Services,0.511556988,0.736237204,1.201152679,0.747793892,-0.365983233,0.532084337,0.425725844,0.670364832,-1.147235663,HPE,Public (direct listing),0.015195280359925074,0.025626259717823174,0.07815131948343627,-0.03567751202722902,0.3462533806634875,0.02017334033436404,0.05794710522245708,0.4000262226301299,0.5763406711698555,0.9027130777924564,0.609732130993633,0.022219552344131165,0.005019221425276975,0.024929870785712935,0.0004081105211501875,-0.006182531730324274,57123000000.0,0.06785357911874376,0.04976181700495601,0.06452974708204051,11.005427631296913
Financial Services,0.204494616,0.273648535,1.184883228,0.053045562,0.434965281,0.278762326,,0.567636531,-1.934959683,HSBC,Public (direct listing),0.005275514141388797,-0.16386757358320236,,-0.008500289936784533,0.3317678375298448,0.0068699168493981085,,0.0780721533258173,0.5183389026227023,0.3952706721615986,0.22930460892825666,0.004704965180147393,,,,,2957939000000.0,0.07560805006458889,,-0.013006391701753994,4.248495242049359
Industrials,-1.454528179,-0.836258415,0.269010151,1.095196819,0.791950709,0.893137902,3.070078768,1.130036348,1.162277246,,Private / no public equity,,,,,,,,,,,,,,,,,,,,,
Insurance,0.042620962,0.67681184,-0.115377533,0.717769626,1.424367377,1.520749132,,0.826566746,1.360757845,,Private / no public equity,,,,,,,,,,,,,,,,,,,,,
Software & IT Services,-0.171470035,1.708321157,-0.678040895,0.01666829,-0.580127409,0.049921504,-0.844249943,-0.763086044,-0.473092354,HUBS,Public (direct listing),-0.04218391048508727,0.3308410050912691,-0.05942451886775558,-0.4673980220978382,0.7533305696291017,0.02696968761573427,0.02027060830017055,0.23364984589791593,-0.8258331951270123,-0.8408727919270268,-0.63713730545356,-0.03770931290850713,-0.000770219737989343,-0.05644121633887637,0.013749493226156347,0.39070677338639437,2174854000.0,,0.01119147726630382,0.5381411091607766,
General Retail,0.646092111,,1.584417414,1.239537956,,1.705706272,,,,,Private / no public equity,,,,,,,,,,,,,,,,,,,,,
Insurance,1.298810951,-0.144695519,0.510248713,0.193281424,-1.16469565,-0.469179521,,0.064536771,-0.688780436,HUM,Public (direct listing),0.06517245383811404,0.11805354907059606,,0.2530262634540601,0.3380960504196184,0.02212811788607936,,0.23467862481315405,-0.6073867837476795,-0.012604346228039187,0.10993315991162533,0.0851712101282452,-0.01349306901751656,0.050571367924389994,-0.0056469833891109895,0.13281745775821363,44358000000.0,,-0.03549763675800373,0.12589440487732265,11.46688152646882
Financial Services,0.148571161,-0.813164588,0.496659509,-0.301364238,0.073142953,0.074013656,,-0.491663758,0.630434307,HBAN,Public (direct listing),0.012235793248991286,0.21081622433650482,,-0.12587612141474447,0.33780545808373946,0.009508340800992623,,0.34010416666666665,-0.02645679345221308,-0.2572265210664989,-0.15987883363936795,0.00900824461405652,-0.002752462175192915,,,0.1002384119044521,174064000000.0,0.04083555473848699,0.12137991612341498,0.035209442063751505,
Grocery Stores,1.393863996,,0.331515411,-0.361451643,,-0.17125251,,,,,Private / no public equity,,,,,,,,,,,,,,,,,,,,,
Travel & Leisure,0.348222923,,0.900621652,1.232457187,,0.644299386,,,,H,Public (direct listing),0.03695581546458739,0.9455085865257595,0.07248344932948565,-0.04672574189548184,0.4112231985057408,-0.0022837567799029405,0.06773243584350021,0.017462165308498312,0.04244120444213206,0.015710446159808322,0.12393294838918867,-0.0012052986915024229,-0.05431057519330173,,,-0.06140606981560692,12603000000.0,,0.7669774008326554,0.04438148168923998,
Tech Giants,0.69693512,0.005166367,0.980880914,-0.03131225,-0.184068425,-0.1546136,-0.014165601,-0.303931522,-1.437139102,IBM,Public (direct listing),0.012888724723560431,0.05543059406113238,0.1350404757971254,0.0945244186168468,0.2379487916998686,0.07133594027256777,0.1878627815184583,0.09462898012516341,-0.19013095816370096,-0.1875449975162109,-0.07937943949712878,0.0471058209016482,-0.009231487246909031,,,-0.13335882174184643,132001000000.0,,0.05058345626676835,0.08336781493617218,7.601402334583733
Grocery Stores,-1.083124773,,0.182518712,0.380403084,,-0.183189357,,,,,Private / no public equity,,,,,,,,,,,,,,,,,,,,,
Business Consulting,1.211374409,-0.335205589,0.608190024,-1.427803107,0.252374332,-0.87075179,,-1.437121889,-0.933971904,,Private / no public equity,,,,,,,,,,,,,,,,,,,,,
Life Sciences & Biopharma,1.046391256,-1.614810054,0.924198646,0.562679064,1.010728011,1.680867877,-0.823203248,0.117021666,1.1047875,ICLR,Public (direct listing),0.029403306714037444,0.4124487805305259,0.1118759612296816,-0.31935762875565543,0.42248030179836943,-0.003461227575168459,0.12093897184630353,0.07287145516071969,-0.5594991992600038,-0.32240873513095614,-0.4307288356679295,0.0780563929539951,-0.05990861381318716,0.12116231760260464,-0.04270075795790528,0.4781440201722572,17387090000.0,0.31639641826205533,0.20774817691155967,0.13971908625603816,7.611347717403621
Media & Entertainment,-0.124800489,-0.361854054,-2.385715531,0.245470385,-0.028430429,0.557383323,0.982221703,-0.782418266,0.662974483,,Private / no public equity,,,,,,,,,,,,,,,,,,,,,
Travel & Leisure,1.498791179,,0.130600515,-0.230508571,,0.157511233,,,,IHG,Public (direct listing),0.08894686907020873,0.33883728930168555,0.17651593011305242,-0.12413557577437717,0.358283243912618,,,,0.06633153784953416,0.1020329715097712,0.14913712683073377,0.05640373197625106,,0.17406260749914002,,,4716000000.0,0.6921119592875318,,-0.040673831661676894,12.691580461311874
Restaurants & Fast Food,-0.219075925,,-0.338629381,-1.055372612,,-0.621398141,,,,DIN,Subsidiary (proxy = parent listing),,,,,,,,,,,,,,,,,,,,,
Specialty Retail & Apparel,0.631074905,,0.489865058,0.635146006,,-1.108797019,,,,,Private / no public equity,,,,,,,,,,,,,,,,,,,,,
Life Sciences & Biopharma,1.412781648,-0.535090705,-0.211948138,0.599310034,-1.32836043,-2.000327033,0.845159121,-1.119231035,1.246736476,ILMN,Public (direct listing),-0.3594515181194907,0.012814847547503394,0.07722513089005235,-0.4920403277321368,0.5551422273258764,0.13397730396199004,0.19599362622353744,0.048030739673391,0.41766430418947054,0.42394958163368757,0.4553006197588656,0.0911740491126234,-0.02842940410167878,0.1433014273939295,-0.09426446869877447,0.1557709338548492,15217000000.0,,,-0.10104422916414572,8.648221453822641
Restaurants & Fast Food,-0.034550483,,0.311843471,3.793220618,,1.311258874,,,,,Private / no public equity,,,,,,,,,,,,,,,,,,,,,
Internet,0.349056536,-0.028407123,0.763376955,1.139985179,-0.824000145,0.019427885,-1.299623168,-0.046612371,-0.540761093,,Private / no public equity,,,,,,,,,,,,,,,,,,,,,
Software & IT Services,-0.546472579,-0.878231014,0.408836297,-0.900553676,1.134402389,-0.127464387,-0.076652117,0.967225927,1.311405386,INFY,Public (direct listing),0.19048537447765992,,0.2302127398688002,-0.2566421884034369,0.3049071722662908,0.1951995287881019,0.20296685850367135,0.06553911205074003,-0.47369514071805596,-0.5569877876156634,-0.35390730748017907,0.19048537447765992,,0.2302127398688002,,,15555000000.0,0.04641594342655095,,0.3042265759717279,
Business Services,-0.389340193,-0.062222264,0.854581421,-0.716024725,1.663839258,0.615650765,,1.68245311,0.634421943,,Private / no public equity,,,,,,,,,,,,,,,,,,,,,
Software & IT Services,0.108879748,0.102354694,0.058163325,0.696693097,-0.575526043,0.286121516,0.136960097,-0.244615249,0.457613125,NSIT,Public (direct listing),0.054885780782739674,0.10545422675629257,0.040254943083680474,-0.07772058528059522,0.24335784075317687,0.019562150553026528,0.046724277377681006,0.011613667522994309,-0.8067295063173072,-0.48615477398563267,-0.1919273616654611,0.04165966073796401,0.00431278296947615,0.03295701687828243,0.0020352626016880136,0.10508601080085112,4689080000.0,,0.013316039533108441,0.13801457474719656,
Outsourcing & Staffing,-0.753266104,,-0.079321122,0.537549755,,0.881023639,,,,,Private / no public equity,,,,,,,,,,,,,,,,,,,,,
Business Services,0.799928043,2.353526625,-0.168785626,2.786781423,0.655046306,2.622723798,,-0.186711034,-2.449851599,,Private / no public equity,,,,,,,,,,,,,,,,,,,,,
Internet,0.89619983,0.335664589,0.135472029,-1.103227832,1.359929495,1.047705123,-0.067030328,0.204771598,0.862923199,,Private / no public equity,,,,,,,,,,,,,,,,,,,,,
Internet,-1.278115933,-1.253445023,-0.600903459,-0.323611692,-0.330094875,-0.278186781,-0.035941274,0.506536094,-0.112585703,,Private / no public equity,,,,,,,,,,,,,,,,,,,,,
Insurance,-1.332439381,1.116201494,1.018108561,0.606908863,1.132667202,2.088953104,,-0.091604699,-0.375633586,IFCZF,Public (direct listing),0.04566345992817402,0.2823007339136372,,0.14048061146741508,0.20183876557914185,0.055153953421276186,,-0.0017179447134155756,-0.3937164725678147,-0.37157967492728816,-0.10958290111049651,0.037307102247089614,,,,,55405000000.0,0.09437776373973468,,0.13855452133785962,
Tech Giants,1.046853573,0.712027156,1.609983719,-0.258099779,-0.93584912,-0.638393099,-0.337003326,0.005392583,-0.977631579,INTC,Public (direct listing),0.04400806137186098,-0.20209050415063778,0.03704760998509214,-0.4988536370312703,0.3824699525016073,-0.015600980590935063,0.019641761062440713,0.07184021473119118,1.2577718765835604,3.7824520062570155,2.052589416699623,0.13622035544350874,-0.018096950543193227,0.28549226553931034,-0.029993412159430854,0.04843537923971397,168406000000.0,0.02726149899647281,-0.14205129668035765,-0.19353845600016625,7.603897968521881
Outsourcing & Staffing,-1.860598468,,-1.946920489,-0.91716768,,-2.157913542,,,,,Private / no public equity,,,,,,,,,,,,,,,,,,,,,
Industrials,-1.674855056,0.083026474,-0.979909871,-0.850748905,0.418789622,-0.073238033,,-0.158162573,1.218937221,IP,Public (direct listing),0.06282372598162071,0.09285751174921231,0.08288833230943717,-0.251786723938374,0.2960151556872655,-0.08519022257248542,0.008611711928222382,0.13430851063829796,-0.5406831212721434,-0.5271119557507008,-0.38730869267237555,0.040400214969858655,0.016403266473174364,,,-0.069699825892868,25243000000.0,0.0077645287802559125,0.08656104046525454,-0.00485194008676737,10.550590794594669
Software & IT Services,1.036506817,1.124878411,1.009518063,2.550103347,0.247272348,1.751034952,0.552889274,0.908825466,0.032297283,INTU,Public (direct listing),0.07449340160092305,0.3210837745250701,0.20108439415370108,-0.34252991887005413,0.48076560871387247,0.12754502264174566,0.2747431302270012,0.10368841888057778,-0.5518940309036547,-0.8076550461486911,-0.6470762494880133,0.15556196955447654,-0.055410722969231975,0.2545530553631536,-0.023763392571987407,0.23582401891226232,27734000000.0,0.0179923559529819,0.09457785424367456,0.2660377860407121,9.75846178048587
Life Sciences & Biopharma,-1.733325273,2.59624204,0.236141215,2.011403533,1.490600206,1.410341022,2.762932019,-0.244329601,0.994436457,ISRG,Public (direct listing),,0.08968319293882776,0.2534634052264472,-0.21501546104834368,0.4438456916586439,0.14879746068849606,0.3045425766152276,0.22960859146179113,-0.34148932863913173,-0.44705791104382797,-0.16887519116372096,0.1208084306677304,-0.007978255580011277,0.28889586836408154,0.005998902262219909,0.14165986640240852,13555000000.0,,0.05825010378210963,0.1514045367707296,7.611347717403621
Software & IT Services,-0.899715999,0.540974596,0.030705849,0.285319703,0.885836509,0.605540217,0.989589072,0.899872259,0.170863457,,Private / no public equity,,,,,,,,,,,,,,,,,,,,,
Life Sciences & Biopharma,1.345768902,0.183721305,0.398164101,0.062788897,0.620193025,1.513450917,-0.055839935,1.127165546,0.237813458,IQV,Public (direct listing),0.04305955716935707,0.03863341502090245,0.12678695350451075,-0.2240344672086837,0.36890250597400137,0.04735933252406435,0.1399110149110149,0.08409506398537481,-0.18423241475685725,-0.11583247446387679,-0.2441776512249344,0.019566507349593306,0.015456018080174098,0.07827788226889092,0.015163937559242146,0.12292558617884353,24689000000.0,0.003685851998865892,0.0070962890400152944,0.1640194884120089,11.27720313144916
Software & IT Services,-0.00788635,-0.46107743,-0.919498682,-0.513533449,0.090296736,-0.020615481,-0.086848994,-0.47045025,0.214656967,IRM,Public (direct listing),0.03450825667633633,0.13626600818295587,0.20500966577539584,0.09772764468553263,0.35240424070075393,0.013056781685330046,0.20554252882225127,0.21577001109555938,0.06250975799096148,0.08174934071392492,0.13934026210115547,0.024999386073224706,0.005955465129363763,0.5639432565987211,0.016378936757839895,0.022372973633183135,14450031000.0,0.02141365648281308,1.1333433174421295,0.33615897530654143,10.126631103850338
Restaurants & Fast Food,-2.069693736,,-1.478865453,-1.240571242,,-0.877043853,,,,,Private / no public equity,,,,,,,,,,,,,,,,,,,,,
General Retail,1.183544953,,0.499877938,-0.018699285,,0.463537897,,,,,Private / no public equity,,,,,,,,,,,,,,,,,,,,,
Specialty Retail & Apparel,1.239385535,,1.605617681,0.167828666,,1.628642195,,,,,Private / no public equity,,,,,,,,,,,,,,,,,,,,,
Life Sciences & Biopharma,-0.398850007,0.17062757,-0.064180335,-0.90232891,0.153433453,-0.200689368,-0.836378715,0.333251791,0.948222515,JNJ,Subsidiary (proxy = parent listing),,,,,,,,,,,,,,,,,,,,,
Life Sciences & Biopharma,-0.073084318,0.811593725,1.257710508,0.154715944,0.63465814,1.022332318,-0.420372464,1.07358287,-0.595188037,JNJ,Subsidiary (proxy = parent listing),,,,,,,,,,,,,,,,,,,,,
Restaurants & Fast Food,0.168820339,,1.259078222,-1.667273928,,0.311916077,,,,JACK,Subsidiary (proxy = parent listing),,,,,,,,,,,,,,,,,,,,,
Industrials,0.588181347,0.661725343,0.976337561,-0.07361645,-0.223655834,0.049383935,-0.513487467,0.636686679,-0.867408802,TTM,Public (direct listing),,,,,,,,,,,,,,,,,,,,,
Supply Chain & Logistics,0.060074927,,0.647004043,1.453498685,,1.586277056,,,,JBHT,Public (direct listing),0.12448992382023331,0.2174253235989705,0.08988477722997011,-0.11787836757130321,0.3454705342885035,0.07726333094261369,0.07362960624911664,0.0462447353864186,0.32858630854727133,0.6109879051845524,0.9586647377932973,0.11197630736606368,,0.08592242368738054,,,6794348000.0,0.19151638979928612,,0.19066290151042994,10.405625547904553
Specialty Retail & Apparel,-1.670277011,,-0.763711806,-0.641963174,,-1.44065526,,,,JDSPY,Public (direct listing),0.051684607856843284,,0.11800770757911946,-0.4716822178826454,1.5482255333538548,,,,-0.112655498110114,-0.33270707148645373,-0.30256948530505046,0.051684607856843284,,0.11800770757911946,,,7153000000.0,0.33752271774080805,,0.23830170774657708,
Restaurants & Fast Food,0.473787657,,0.11913959,0.617886992,,0.495408709,,,,,Private / no public equity,,,,,,,,,,,,,,,,,,,,,
Travel & Leisure,-0.145379037,,-0.960922301,1.832549759,,0.868031481,,,,DTGPF,Public (direct listing),,,,,,,,,,,,,,,,,,,,,
Travel & Leisure,0.896400581,,0.238879996,-0.506743667,,-0.192732564,,,,JBLU,Public (direct listing),-0.027750095822154083,0.516978631770747,-0.02020091723083643,-0.5644151016708925,0.5367749501788516,-0.042768238734348055,-0.042348832132722114,0.04672897196261672,-0.20052738528473202,0.012492062901053425,0.030519024774199544,-0.02219926495956792,-0.030542031103958117,-0.16468483256876393,-0.05604513047558615,0.2034642786621419,13642000000.0,,0.5758231434118922,-0.25816542881849003,7.605890001053122
Grocery Stores,0.375355834,,0.560594985,0.397554121,,0.762524946,,,,ACI,Subsidiary (proxy = parent listing),0.05758987305763966,,0.033690375172145175,-0.059213342377596345,0.386448859920861,0.008113491852453128,0.00860140070335748,0.07727333173754625,-0.47300109868162055,-0.49001539708213404,-0.2141873110910657,0.028680115450755966,0.016694868250250405,0.023281192385542653,0.006287935413615322,0.05969826437776948,28123000000.0,,-0.00010397812679253421,0.3011235005235168,12.577636201962656
Restaurants & Fast Food,1.272641797,,1.724621047,0.207013682,,1.627330535,,,,,Private / no public equity,,,,,,,,,,,,,,,,,,,,,
Specialty Retail & Apparel,-0.482323923,,-0.171885467,-1.287057545,,-0.487549425,,,,,Private / no public equity,,,,,,,,,,,,,,,,,,,,,
Industrials,0.098312578,0.230125726,-0.07327604,-0.484897756,0.67495999,0.065673894,-0.052897759,0.283885443,0.669458829,DE,Public (direct listing),0.07920693102299234,0.19169009829665606,0.176007176007176,0.1755061321145004,0.35582808641666863,0.04509605185621685,0.1742491309135664,0.04526946107784435,0.06113741999139699,-0.15927066611591112,0.06962018225628186,0.05782232369809353,0.01382123387874254,0.14910586144892146,0.026599564959460826,0.11276350660776198,90030000000.0,,0.144493601931861,0.36085683862464446,11.31691058104427
General Retail,-0.057698066,,0.219860869,2.100766351,,0.495525853,,,,,Private / no public equity,,,,,,,,,,,,,,,,,,,,,
Industrials,0.158953906,0.180972282,-0.465104191,-0.526870523,-1.063536095,-0.144210693,-0.207956605,0.10585081,0.187734465,JCI,Public (direct listing),0.03633948479529389,-0.12806320770660806,0.09749479090953142,-0.17486227273251764,0.32503153023562753,0.08958006963956136,0.13805099660295503,0.0821000704721635,0.5418755300069356,0.04836915799221786,0.09666147244631684,0.05626409474034772,-0.026989806708909957,,,0.020188303256075273,42158000000.0,,0.06889756098097716,0.25812650341493537,11.532728092266408
Specialty Retail & Apparel,-1.127610628,,-0.528184914,-1.016816204,,-0.243662009,,,,GCO,Subsidiary (proxy = parent listing),,,,,,,,,,,,,,,,,,,,,
Financial Services,-1.001510143,0.284355661,0.323238344,-0.485252667,0.842727731,0.044506457,,0.558961274,-0.028986767,JPM,Public (direct listing),0.010277861814098807,0.049652792045034255,,-0.18392458363167663,0.2981078383685026,0.012777698654012553,,0.09941094711761211,0.0768211060961248,-0.18567605605848403,-0.16094854625463606,0.011690244371220312,-0.0003225579270236334,,,0.025742307024641975,3743567000000.0,,0.012026608442163642,0.02615435856716075,12.509966346529492
Business Services,0.037674,0.236953957,0.844996161,1.055535876,-2.681186583,-0.576962903,,-1.30378594,-2.852939391,,Private / no public equity,,,,,,,,,,,,,,,,,,,,,
Outsourcing & Staffing,1.612502952,,0.078547887,-0.514761153,,0.18826013,,,,,Private / no public equity,,,,,,,,,,,,,,,,,,,,,
Insurance,0.994951229,0.031399002,0.437435409,0.736191629,0.121992755,0.430809857,,0.536550866,0.808086321,KMPR,Public (direct listing),-0.0215268597524336,-0.02921008104016387,,-0.15105226044964415,0.406960671703176,0.003356854010899761,,-0.07588235294117651,-0.7573593242278697,-0.8416122099980248,-0.63774058961826,0.020463473085446587,-0.024483215914241574,0.04805196449904439,-0.08339425669536693,0.07292979999365246,14916500000.0,0.07521201354205075,-0.03518093171117704,-0.12011304295561813,9.239899174217728
Consumer Products,0.363526698,-1.972375488,-0.538314877,-1.006080856,-0.166306848,-2.035381121,,-0.986825431,0.896911088,KDP,Public (direct listing),0.027702220421706503,0.1083339903808247,0.19797965426477912,-0.017167548149675804,0.21199339669108813,0.030845385819877762,0.2129367327667611,0.09381017881705644,-0.5380325698968441,-0.31824388803692927,0.05492127034045802,0.03145150605350885,0.008544309512967028,0.2184967477289945,0.00716526597376851,0.06822613694205593,50598000000.0,0.0030633621882287837,0.03177490885947903,0.10487175063199039,7.611347717403621
Financial Services,0.63149018,0.216848799,-0.162373117,0.035354525,-0.690480164,0.110003357,,0.013126068,0.322025804,KEY,Public (direct listing),0.010099413633418153,-0.0017050298380221207,,-0.3027225705506076,0.35425551597784816,0.010434987774012269,,0.10730858468677495,0.26794748016425673,-0.0044641044285371745,0.03843036245637976,0.011271158328793654,0.001122169784357281,,,0.186692418903045,186346000000.0,0.06462172517789488,-0.11119565409732722,0.03075981824300252,9.739438040529622
Restaurants & Fast Food,-0.148972547,,0.461281784,0.236106729,,0.90011863,,,,YUM,Subsidiary (proxy = parent listing),,,,,,,,,,,,,,,,,,,,,
Outsourcing & Staffing,0.057491827,,0.343956075,0.725615212,,1.14172697,,,,,Private / no public equity,,,,,,,,,,,,,,,,,,,,,
Consumer Products,1.133306254,0.773897772,0.395766729,1.485536045,-0.897165943,1.069908785,,0.614259352,-2.192648235,KMB,Public (direct listing),0.10762381747356706,0.03780864197530853,0.13288723667905825,-0.011269438020466982,0.2188341632949943,0.12475530239472483,0.1493718289441894,0.026887025160335476,-0.5702903306215135,-0.4690126858364043,-0.3267427254406764,0.12568650642767917,-0.01971924756434071,0.15444682918229002,-0.015187569005316379,0.02653617758748117,17837000000.0,,0.00020513399578649789,0.03943142576609312,10.714417768752456
General Retail,0.878129248,,1.804772937,-0.008959671,,0.934769379,,,,,Private / no public equity,,,,,,,,,,,,,,,,,,,,,
Supply Chain & Logistics,0.112487535,,1.047656496,-0.093510505,,1.300528679,,,,KNX,Public (direct listing),0.07042992362988426,0.23850591336906413,0.14708567530115438,-0.11357222393671773,0.3472551692896356,0.002772184767460472,0.036974604932259805,0.014175366511690157,0.19698625428302807,0.42255923512162075,0.8172335340777772,0.051839789212668734,0.016214875499128503,0.12333635026577598,0.0363805183598382,0.12409877155315607,10655500000.0,,0.13680959950701915,0.1714681097658387,10.236381967809455
General Retail,1.296350742,,0.583621404,1.093760419,,0.869599417,,,,KSS,Public (direct listing),0.062309020858243656,,0.08645088251942572,-0.45918776646029713,0.7135203041795469,0.020125041618882025,0.032080719229027874,-0.02041447571914634,0.63532428209642,0.3674771800710326,-0.216621152992583,0.04084888387377901,-0.006389386571681224,0.048082718488557004,-0.0013929009099942675,0.0013902837751964547,15054000000.0,,0.11529687832083041,-0.10195995238335005,11.502875129116727
Business Consulting,1.025936913,-2.508967396,-1.081548859,-1.888933332,-0.407096752,-0.188338873,,-0.920598037,-1.411811893,,Private / no public equity,,,,,,,,,,,,,,,,,,,,,
Business Consulting,-0.463234853,0.630801635,0.60934676,-0.083040039,0.533104889,0.304018118,,0.430467767,0.354004142,,Private / no public equity,,,,,,,,,,,,,,,,,,,,,
Consumer Products,-0.630791496,-1.481440739,-0.945719412,-0.54622862,-1.718946843,-1.275180132,,-0.672033689,-0.095069338,KHC,Public (direct listing),0.026106747097102073,0.0170109822594271,0.17168208419860298,0.13851865379760686,0.25665486400862575,-0.07043545251109726,0.18403361344537816,0.008001333555592627,-0.4667711820017051,-0.2906800944097152,-0.19458084282795163,0.010835813863845644,,0.19560709622916828,,,93394000000.0,0.23358031565196907,,0.14127253602208376,10.491274217438248
Grocery Stores,0.294685205,,-0.241678066,-1.123064117,,-1.004223199,,,,KR,Public (direct listing),0.033716334596422606,,0.025216117428637736,-0.02747897311754066,0.3325320728135944,0.019516786645600318,0.012801235420815215,0.012154599510318276,-0.2057092961585787,-0.3471385231112114,-0.18916938803388028,0.05127118504986254,-0.012715383885320798,0.02154491362503038,0.0013498870721403622,0.044488615323286705,49086000000.0,0.009187955832620298,0.015701511673474493,0.19169992812695882,12.948009990259552
Grocery Stores,-1.270782511,,0.328555682,1.361277247,,-0.345273681,,,,,Private / no public equity,,,,,,,,,,,,,,,,,,,,,
Software & IT Services,0.360685759,-0.518465286,0.517236452,0.070671349,-0.955832676,-0.330737639,-0.747439473,-0.27574938,-1.149323964,KD,Public (direct listing),-0.1743737228487096,,-0.0358578549606046,-0.3922366308459302,0.6257463777883576,0.017008117510630073,0.0420090113967665,-0.008157894736842142,-0.8479263474022667,-0.9391784933048206,-0.7228946493357027,-0.17749120889657,,,,-0.0408129569459329,13213000000.0,,,-0.4908723038962577,11.407564949312402
Industrials,0.81519758,0.45563214,-0.154281999,-0.189634137,0.564999963,0.192432537,0.071156999,-0.496580026,0.20025954,LHX,Public (direct listing),0.03167879727956091,-0.042213988997417795,0.11305825811745399,-0.032585280545261996,0.3019868584063116,0.04203143864247189,0.09934599813142324,0.11925175370226038,0.49201625394067805,0.028591480137103886,-0.08129098755057251,0.0530087579191785,-0.02303645150935353,0.18261737775376483,-0.022498810531157647,0.4282129759556616,34709000000.0,,-0.46626211874480616,0.05131732030646041,10.757902880692196
Life Sciences & Biopharma,-0.260916787,-0.67284835,-1.009040354,-1.609719797,1.007712525,-0.001051163,-0.674212192,-1.016983121,1.338078072,LH,Public (direct listing),0.06346284563212289,-0.09684761839510969,0.1476917371184855,-0.1908183696578818,0.286472626853918,0.051028911414839576,0.11107026201552579,0.057546859585662524,-0.07873086951631314,-0.2418687113371344,-0.19895790237027733,0.07993127821405344,0.03548439088081449,0.164084006638613,0.04353497799713207,0.181510462581415,20385400000.0,,-0.14346504739647656,0.1818547848628118,
Business Services,1.425242668,1.329315445,0.212695733,-1.242046274,1.293027979,0.741006686,,0.405994488,0.978150513,,Private / no public equity,,,,,,,,,,,,,,,,,,,,,
Industrials,0.718174641,1.190104109,0.963430617,0.292148787,0.759550406,1.264570253,-0.056623754,0.592153099,0.889491984,LDOS,Public (direct listing),0.052406089817152474,0.04797262866710339,0.07870241733814949,0.17367029590716632,0.24907268390408732,0.10098086509085062,0.12181891626752842,0.036513545347467646,-0.11000480971832682,-0.4367648296347787,-0.46820200729506734,0.05939543534926644,-0.01771799248692729,0.08317130346432554,0.00012138668336872611,0.11383239118566413,13261000000.0,,-0.06462918930568522,0.0481076596387795,10.6689553946757
Specialty Retail & Apparel,-1.003880785,,0.073205398,-0.974033676,,-0.494502149,,,,LXOTY,Subsidiary (proxy = parent listing),,,,,,,,,,,,,,,,,,,,,
Industrials,1.206937185,-0.919986189,-0.375835048,0.915584944,-0.543109653,0.476185158,0.293936901,-0.509567666,-1.562807949,FINMY,Public (direct listing),0.032432999790077674,0.040891404315528845,0.06110242642561001,0.1961347301191425,0.4222112245336922,,,,0.37536659150070517,-0.05047606409994865,-0.13639217330397302,0.020649071496529125,,0.05935620799434029,,,28379000000.0,0.16550970788258923,,-0.05368169823357279,
Specialty Retail & Apparel,0.25348612,,0.908612921,0.14565072,,-0.067123349,,,,LEVI,Public (direct listing),0.09425618602802345,0.07021287669806897,0.10816068475829199,-0.328151074272115,0.45995823727320173,0.09302150812378819,0.10933099404404635,0.14127587110296047,0.12360396001163987,0.025467993986271864,-0.1689093101826773,0.05483907746390115,0.00029190937488702005,0.06608807430821632,0.010362061550176023,0.0335579416566103,5900069000.0,,0.14879893318827156,-0.0023529948271571546,9.717157974344635
Software & IT Services,1.147934408,0.32892116,0.912416955,0.581907891,0.432378183,0.927831298,-0.104176856,0.573869637,0.029946672,RELX,Public (direct listing),0.10322825194263693,0.18070127001656533,0.2693791652051912,-0.0743721795032587,0.2602312061077706,,,,-0.5671165693211037,-0.6128965543031853,-0.4280226462543504,0.10614807331505267,,0.25607399226946437,,,13858000000.0,0.4450137104921345,,0.0746510433081659,10.404262840448617
Industrials,-1.40261858,-1.947308054,-1.662953396,-1.182458057,-0.246065594,-0.813549649,0.085102945,-0.521308506,0.634727467,LPL,Public (direct listing),-0.0860719431887317,-0.12471573188377838,-0.0797286808114522,-0.5133455185907797,0.44302058987108395,-0.002944893658481273,0.024931260543920107,-0.08759602578471826,0.15768806379217737,0.3630573688476233,-0.08913501007422675,0.031088902584661342,,0.07465709852549579,,,38154515000000.0,0.33411857023998337,,-0.05900140903312908,11.166299856884498
Insurance,0.177340227,0.557511897,0.461308901,-0.026773244,-1.029960516,-0.298259887,,-0.267181286,-0.104208087,,Private / no public equity,,,,,,,,,,,,,,,,,,,,,
Grocery Stores,-2.765222339,,-0.392012686,-0.531802592,,-1.216704799,,,,,Private / no public equity,,,,,,,,,,,,,,,,,,,,,
Insurance,0.535158164,-0.038938961,-0.794162497,-0.641715636,-1.311099697,-0.235954481,,0.478956318,-0.675441392,LNC,Public (direct listing),0.004061842904187766,0.07520590741266675,,-0.5716702805536649,0.6145794327008671,0.004215655444661889,,0.12871077184054291,-0.09156919834666755,-0.17475736507240236,-0.2274308637397272,0.0025459718277030976,0.000490502549376963,,,0.05659436630629788,387301000000.0,0.0007745913385196527,-0.01684040869574357,-0.076458419843684,9.291736010180175
Internet,-0.341603215,0.21990984,0.286035184,0.892858795,0.372898722,-0.346892059,-1.995424842,-0.147818679,-1.584872611,MSFT,Subsidiary (proxy = parent listing),0.19936958666812848,0.17956070629670173,0.4205527815604983,-0.2434522090087542,0.3539072800348959,0.19154348720631584,0.4680164512855316,0.18297034224873698,-0.26499507406637535,-0.3140284822112842,-0.2664684470559123,0.16670871372907348,0.02239054624312979,0.3870437966575919,0.02831939129610859,0.16377790772708015,364840000000.0,0.007534809779629427,0.02155248191196963,0.22681885855562814,12.30591798049989
Restaurants & Fast Food,1.144319903,,0.775090945,-0.067462463,,0.426524337,,,,,Private / no public equity,,,,,,,,,,,,,,,,,,,,,
Media & Entertainment,-1.277962059,0.164300212,-0.421907339,1.963127107,0.629027469,0.698284351,-0.715526263,0.927616583,0.916238697,LYV,Public (direct listing),0.01618629327626699,1.66114621372726,0.04136073942642442,-0.406011594358052,0.44568267351520924,0.003522040701492085,0.02903228048316439,0.12149550119052654,-0.01027799719536815,-0.11273407710344263,-0.0783020249599713,-0.06722768599058625,-0.02578102651356855,-0.3089269688836068,-0.04739524912387414,0.7645845111315004,14402318000.0,,1.2499884603339564,0.09715376953161077,6.327936783729195
Financial Services,-0.616975681,-0.719619133,-0.696012419,-0.160183043,-0.469221165,-1.013673189,,-2.604476944,-1.051744103,LYG,Public (direct listing),0.004381756687130894,-0.016785101690762083,,-0.16267307798421282,0.4154173839592897,0.005365960695080822,,0.1041533546325879,0.3146674778536287,0.10884276502470458,0.10156027366481757,0.006524350695129861,,,,,886525000000.0,0.10360001127999774,,-0.036872618541818926,11.002099841204238
Grocery Stores,0.451102944,,1.108285754,1.078955384,,1.166880918,,,,LBLCF,Public (direct listing),0.05035782630351011,0.06270453263118303,0.05914625513238001,0.12930713703522323,0.23165148241924935,0.0667780441151546,0.0704725144742576,0.04171461449942471,0.028906735209103473,-0.1553100564396197,0.023733108437064665,0.051209919702845906,,0.05523791611811172,,,36614000000.0,0.45212213907248594,,0.25534485303958937,
Industrials,1.699880937,1.011620825,0.639076573,-0.372840319,0.904631963,1.159705967,-0.214158362,0.53639639,-1.102830267,LMT,Public (direct listing),0.1083963691376702,-0.015810512499254248,0.12651551891367604,0.38148428768314546,0.2637824538230069,0.08047887702330579,0.09882033392804836,0.0032288593219396144,0.16850900113135836,-0.07481333329614892,-0.06154269256647593,0.12413264403514634,,0.1360748165383927,,,50873000000.0,0.2293947673618619,,0.12768667517521748,11.643953727376632
Insurance,-1.451723639,-0.135315802,-1.058587031,2.185712038,0.780040163,0.606227747,,1.004712256,1.168270351,,Private / no public equity,,,,,,,,,,,,,,,,,,,,,
Grocery Stores,-1.043179019,,-1.541533642,-0.54889216,,-0.894596173,,,,,Private / no public equity,,,,,,,,,,,,,,,,,,,,,
Specialty Retail & Apparel,-0.127292546,,0.202343559,-0.557141251,,-0.749980742,,,,LOW,Public (direct listing),0.18911290322580646,,0.12564155844155844,-0.19211002697384205,0.3343910279308184,0.12702723378212974,0.11547464239271782,0.102627806975633,-0.23016524362184176,-0.2803814399813742,-0.2615553883431856,0.12237052169467591,0.03825614854003443,0.09429336284402516,0.022804216643940528,0.10929016668637992,44640000000.0,0.5440188172043011,0.031244511287593073,0.2617035739843326,12.206072645530174
Financial Services,0.534052659,-1.382060422,-1.049308297,-0.372785699,-1.830103569,-0.518570095,,0.055415415,-0.409368773,LPLA,Public (direct listing),0.08918812945399107,0.11397673566183952,0.1439265419305706,0.23316167495235574,0.41413194217008714,0.0494745000829559,0.0895323921593199,0.34561977674701994,-0.2929452927010012,-0.4998080541866654,-0.2722229296590356,0.07506954005004811,-0.01883508116358983,,,0.17940484773583432,7991600000.0,0.35212523149306774,0.035051450690266425,0.33976383265999877,8.68270762989381
Software & IT Services,-0.580187938,-0.286358812,-0.190998844,-1.015418877,0.81792185,0.435768918,0.405226306,-0.026196882,1.064928216,,Private / no public equity,,,,,,,,,,,,,,,,,,,,,
Industrials,-2.226965563,-2.417697291,-1.96133039,-2.719733804,-2.020937029,-4.183302947,3.185995178,-2.017983168,1.184784572,LCID,Public (direct listing),-0.16555661854610815,21.432997676219983,-4.265162838036703,-0.8359507606962497,0.8053019395171817,-0.4004764279168882,-2.6843792530297095,0.2017332629930908,-0.9100460969289871,-0.9137061840112494,-0.8686815861358591,-0.32730968509003056,,-56.451108406181994,,,7881713000.0,0.27829432510420005,,0.6562814318995978,7.611347717403621
Specialty Retail & Apparel,-1.024808888,,0.483414665,2.765697749,,1.053243338,,,,LULU,Public (direct listing),0.19733461636045724,,0.21972721040779705,-0.13546166476430754,0.49882996632898624,0.17983396277090932,0.18288286125201644,0.04258012536593192,-0.7289540646150434,-0.7011998741892405,-0.3995335486559165,0.1917162966022966,-0.01602433066418838,0.20936889113667487,-0.0041768038780986465,0.24589253794947807,4942478000.0,,0.10561032924077067,0.1386690245244637,10.275051108968611
Telecommunications,1.37167054,0.247326418,0.151703811,-0.259755264,-1.556219003,-0.18264542,,-0.957492908,-1.147416794,LUMN,Public (direct listing),-0.03393843725335438,-0.11220602427998172,0.18840828470076668,-0.574604732286087,0.4819290462470744,-0.05257664907053076,-0.02351679181450615,-0.08893777498428657,0.7213240575121307,1.200440616870405,0.6722591763515484,-0.022357151186310213,0.05822026382016293,0.052887528323490494,0.18705587423888034,-0.0670238857393502,57993000000.0,,-0.007030258923907464,-0.11374746930576911,11.05089000537367
Specialty Retail & Apparel,-0.826153684,,-1.071909427,0.439881322,,-0.621257845,,,,,Subsidiary of private parent,,,,,,,,,,,,,,,,,,,,,
Specialty Retail & Apparel,-0.915158601,,-0.118771101,0.701716698,,-0.734889445,,,,,Subsidiary of private parent,,,,,,,,,,,,,,,,,,,,,
Internet,0.543373615,0.832250982,-0.022777464,-1.166525274,-0.281100857,0.342047696,-0.091195458,0.130835285,0.496795751,LYFT,Public (direct listing),-0.34775265992176774,0.27640982531995695,-0.3562558987676841,-0.7633964194710439,0.859214921789112,0.39075670095052,-0.025298400479515475,0.13813326970869655,-0.04246020525219585,-0.36484072090373854,-0.49162995329711967,-0.34776108116989607,0.1228956104083029,-0.6440273967029373,0.1907195935636458,-0.024962927083992503,4773884000.0,0.01178579119224514,0.33895386391833154,-0.24058086118481783,8.401333305321703
Financial Services,0.715599704,-1.55383637,-0.403393929,-0.208918309,0.264347537,-0.129941019,,-0.272255462,0.142197204,MTB,Public (direct listing),0.009923778209535196,0.34401207648440124,,-0.13651498526763406,0.35953672907319995,0.013775001263060931,,0.044232437120555135,0.05674276769592579,-0.11744062118143828,-0.015113469288722925,0.01198526231800002,,,,,155107160000.0,0.022470716374408506,,-0.012715899110421184,
Consumer Products,-1.857436669,1.489067625,-1.29478495,-1.339501671,0.904262284,-0.437055204,,0.375661339,1.709204113,EL,Subsidiary (proxy = parent listing),0.11429937828790053,0.09386370644464992,0.19980831031177765,-0.30164868531259525,0.42241442770066123,-0.012633884792215897,0.1054405716982404,0.045633802816901436,0.009604735297065625,-0.17592329728251732,-0.09524559794835086,0.08707378276171786,,0.13454865983678607,0.018836334089197253,0.06332425815384128,20910000000.0,,0.06607334551862802,0.14602364409214605,7.611842399580417
General Retail,1.118100225,,0.411934269,0.281320805,,0.517816964,,,,M,Public (direct listing),0.08129619101762366,,0.09012165833300524,-0.21678242168909256,0.6427762970268556,0.041007381942632634,0.03868838028169014,0.020655122052994024,0.4014463439039946,0.5814640008894554,0.09630252682308482,-0.014271957386755341,-0.017867885303751337,-0.013203368508482204,-0.021805619975217898,0.03331154571376175,17590000000.0,0.18499147242751562,0.2132912319649731,0.2837716658639431,11.394783614947668
Specialty Retail & Apparel,0.538641195,,0.884255653,1.78856899,,2.489392313,,,,JWN,Subsidiary (proxy = parent listing),,,,,,,,,,,,,,,,,,,,,
Supply Chain & Logistics,1.689828614,,0.147798137,1.035881498,,-0.246663143,,,,AMKBY,Public (direct listing),0.3116780529461998,0.31951705051224377,0.3763200824246587,-0.3109691436809625,0.48496368142780116,0.018387194957175244,,-0.026349373170182377,0.4455008566623522,0.1449985921869037,0.1359656399915976,0.24826002130868535,,0.30946639260685904,,,72271000000.0,0.2121874610839756,,0.3062778876125452,
Industrials,-1.360117185,-0.453002603,0.11255744,-0.820058451,0.794827144,-0.419585643,0.122900169,0.326600036,0.904940625,MGA,Public (direct listing),0.02130339342905466,0.04409248937696586,0.041569767441860465,-0.32359830568927395,0.43382524152961577,0.020780588267174566,0.053069325646236,0.03098619525275592,0.4875433856114524,0.4248610363113736,0.2470931913372827,0.04898460586860731,-0.008192422481957125,,,-0.030965029183471215,29086000000.0,0.01564326480093516,0.10806993163529625,0.07009252988010939,
Outsourcing & Staffing,0.40741055,,1.660048895,0.791400899,,1.404383634,,,,,Private / no public equity,,,,,,,,,,,,,,,,,,,,,
Insurance,0.351640779,1.180702693,0.818816068,0.795962535,0.333902723,0.694453813,,0.832538476,-1.334430393,MFC,Public (direct listing),-0.0025189249228429306,-0.5962801423772999,,-0.059569807735206814,0.2910275291757155,0.006329237195264315,,0.3114772224679345,-0.0176918946244089,-0.019822941982648556,0.09953400484113906,0.007171791170196721,,,,,928220000000.0,0.012779298011247334,,0.008603341887086743,
Restaurants & Fast Food,0.562350181,,-0.163147321,-0.700510519,,1.129709941,,,,,Private / no public equity,,,,,,,,,,,,,,,,,,,,,
General Retail,-0.542287471,,0.671953225,0.905383898,,0.075825802,,,,MAKSY,Public (direct listing),0.03246711989325878,,0.05427602869978227,-0.5503133111887393,0.4806006045606954,,,,-0.3158078068071246,-0.2672943862632978,-0.17505032590540726,0.03246711989325878,,0.05427602869978227,,,9443400000.0,0.40326577292077004,,-0.021526678804220545,
Travel & Leisure,0.066445152,,1.403799948,1.266277751,,1.149095142,,,,MAR,Public (direct listing),0.09502317146886964,0.49909792884462734,0.16723631637221392,-0.09634900621360798,0.372734111887067,0.09347755308758095,0.16021371862888964,0.06243014529778068,0.2538585116761265,0.12632251846578013,0.30618385105256163,0.02767190146388493,-0.0039038429931531255,0.07335498461903413,0.020230618869599315,-0.09254826851945591,25553000000.0,0.005283137009353109,0.4975224528831421,0.03754111935817513,12.230765258120543
Consumer Products,1.018321524,0.237652444,0.654197348,1.450039266,0.431100539,0.519672108,,1.255029375,-1.624367607,,Private / no public equity,,,,,,,,,,,,,,,,,,,,,
Insurance,-0.151671606,0.475260634,0.539358661,1.034759114,1.105001411,0.982491255,,0.897722311,-0.388754784,MMC,Public (direct listing),,,,,,,,,,,,,,,,,,,,,
General Retail,1.124179455,,0.697876481,0.81274554,,0.681745556,,,,TJX,Subsidiary (proxy = parent listing),0.11535083096166684,,0.09794026776519052,0.07529689413858454,0.3309426224668358,0.16543093472763898,0.12256430241621201,0.09244146136831666,0.05383677374716056,0.015165887768267439,-0.05634618601384456,0.11535083096166684,,0.09794026776519052,,,28461000000.0,0.43947858472998136,,0.11223350651946669,12.736700896592344
Financial Services,1.138002341,0.565262081,1.421761758,0.451467882,0.136677431,0.310259888,,0.523160759,-2.049527615,MA,Public (direct listing),0.25643012085528355,0.17755772082185972,0.5721095471511445,-0.06278879554248196,0.32236864296987416,0.2947105420061895,0.5945372580217448,0.15834482758620694,-0.2943962350817233,-0.3562934199839787,-0.27343188101816274,0.2330599567965209,-0.02352866565632913,0.3556215966648934,-0.024528733390462243,0.10457908671110333,37669000000.0,0.02102524622368526,,0.051012004280469335,7.611347717403621
Software & IT Services,1.76375416,0.941123948,1.471517895,1.915217348,1.359777937,1.328728205,0.66061422,1.025792523,-1.14292478,,Private / no public equity,,,,,,,,,,,,,,,,,,,,,
Specialty Retail & Apparel,-3.09221231,,-1.042366695,-0.782175843,,-1.523758263,,,,,Private / no public equity,,,,,,,,,,,,,,,,,,,,,
Outsourcing & Staffing,-0.170619092,,-0.002989295,0.350428067,,0.250551049,,,,,Private / no public equity,,,,,,,,,,,,,,,,,,,,,
Business Services,0.922223216,0.160892887,-0.725401927,-0.213431576,-0.446134189,0.07379887,,-1.081849585,0.08549846,,Private / no public equity,,,,,,,,,,,,,,,,,,,,,
Business Services,-0.202113731,0.469106683,0.860608517,0.282707031,0.047333837,0.506135025,,0.26379832,1.317148874,,Private / no public equity,,,,,,,,,,,,,,,,,,,,,
Restaurants & Fast Food,0.466907171,,1.262316523,0.192297638,,0.969717168,,,,MCD,Public (direct listing),0.12247301509251401,-0.001761192615909346,0.44625140194978863,0.023203485292921933,0.19811988831884142,0.14480528961475084,0.4598651849152851,0.09437447523089837,-0.26870798502163873,-0.2815509943879315,-0.19843190240881203,0.1189377666664181,0.006641128031642461,0.41919006084739846,0.007805760798119587,0.060186071309403566,53854300000.0,0.0,0.04346368629097886,0.1342994192044169,7.613324979540639
Business Consulting,-1.639451465,0.729854175,0.31663388,-0.829661999,0.656342349,1.077326661,,1.258116772,1.344198619,,Private / no public equity,,,,,,,,,,,,,,,,,,,,,
Life Sciences & Biopharma,-0.963183014,0.157767955,-1.589415584,0.102111167,1.278835346,-0.134713867,-0.622991177,0.568144971,2.002485043,,Private / no public equity,,,,,,,,,,,,,,,,,,,,,
Life Sciences & Biopharma,-0.197916585,0.193297692,0.268867583,-0.711569894,-0.611318812,-0.647499832,-1.105757225,0.59764562,-1.649975116,MDT,Public (direct listing),0.05538519031446126,,0.1864545856214101,-0.25148020616324496,0.2531813256558725,0.05235108265113908,0.18774578555124716,0.09857734961353204,-0.2416120300332072,-0.3853416137219091,-0.34765282657679375,0.04964068911661832,-0.00028049588498019467,0.17531153602152802,-0.008759871635841547,0.013312632412129877,90981000000.0,,0.05294895771595496,-0.0957549813665813,14.50865773852422
General Retail,1.529951055,,-0.754875984,-0.435544234,,-0.507438874,,,,,Private / no public equity,,,,,,,,,,,,,,,,,,,,,
Specialty Retail & Apparel,1.425717997,,0.666050261,-0.214603934,,0.35281482,,,,,Private / no public equity,,,,,,,,,,,,,,,,,,,,,
Specialty Retail & Apparel,0.33552786,,-0.173093163,-0.573559215,,-1.173106047,,,,,Private / no public equity,,,,,,,,,,,,,,,,,,,,,
Industrials,-0.983379225,0.159931222,0.09555649,-0.10119772,0.917313978,0.398389864,0.270272287,0.811454904,1.226773031,MBGYY,Public (direct listing),0.05576985943118666,0.12042451808533672,0.11921315584233787,-0.14069723953516244,0.41885149132894445,,,,-0.09213445328715064,-0.129015391971123,-0.12559070911392922,0.08854216779368128,,0.11185050749479061,,,259831000000.0,0.3611924674115098,,0.19112548728594247,
Business Consulting,0.780829226,0.161558209,-0.036824514,0.252598151,-0.092238469,0.350081993,,0.371934196,-0.565175266,,Private / no public equity,,,,,,,,,,,,,,,,,,,,,
Life Sciences & Biopharma,0.538983822,1.399314441,1.378933558,0.405873108,1.225783837,0.997149661,0.084595776,1.222071156,-0.630405423,MRK,Public (direct listing),0.13300659582264565,0.21721008541392894,0.3083852031779768,0.43999490802951224,0.19914626002133806,0.06972026062190316,0.1972083688115801,0.048747504668684494,0.22642383948732414,0.25260889637338635,0.20002197246591846,0.10574943639456386,0.003416404611065096,,,0.019715289098014566,105694000000.0,0.02176093250326414,0.09628651153704476,0.14493718759899898,
Tech Giants,-1.157180581,0.287929238,-0.971097528,-0.246696269,-1.660147836,-1.074576888,-0.033804232,-0.337053493,0.116398691,META,Public (direct listing),0.12491452508251358,-0.011193175554782941,0.24821411726367604,-0.6445872504904356,0.6735691624907264,0.20763034991127757,0.4121333072822173,0.3307888642057002,-0.20034971177896543,-0.3548620646662244,-0.2550660848461701,0.18624166263667044,0.04929704970596546,0.3719264404648419,0.02858575608187622,0.2938948226610909,165987000000.0,,-0.11357853892104243,-0.0305850707064023,11.18400464450185
Insurance,0.087609447,1.197683176,0.275986219,-0.034528985,0.772679075,-0.36313354,,0.765700494,-1.29826976,MET,Public (direct listing),0.007968968679117804,0.06380393270839257,,0.1232937610899878,0.2526315295052438,0.004973591110753794,,0.017935258092738326,-0.2663271102150344,-0.18601011688089475,-0.10658810513524153,0.007797881646597185,0.00033018085184812466,,,0.2910922210775646,759708000000.0,,-0.01653446228869786,0.17741957132375394,10.6689553946757
Grocery Stores,0.89999776,,0.715445373,0.564138128,,0.708410819,,,,MTRAF,Public (direct listing),0.06313566594285629,0.03314007547995401,0.06967054725261926,0.07550249718478685,0.21336984578039314,0.06943690707627206,0.06708671269298658,0.0413654045907248,-0.32277538061819555,-0.39960940150497626,-0.17760982101580847,0.060549878238094185,,0.06819449762074058,,,13592100000.0,0.3357832858792975,,0.12492865521874526,
Travel & Leisure,0.168717308,,-1.180568359,-0.133086372,,0.007487755,,,,MGM,Public (direct listing),0.032239480842750294,0.35612553124231683,-0.13051113751034565,-0.2427184887342595,0.48584600461082145,0.004399256468653869,0.06947399592409259,0.04153205386289072,0.07810014741471472,-0.052576689215137806,0.12057983098385328,0.02095369791412037,-0.014909558723252062,0.13879922547790025,-0.03502570251844832,0.13770552847855633,40899116000.0,0.02445040621415876,0.477976980494174,0.06414696051942555,10.645424897265505
Specialty Retail & Apparel,0.040412238,,-0.077237798,0.856006245,,1.020616862,,,,CPRI,Subsidiary (proxy = parent listing),,,,,,,,,,,,,,,,,,,,,
Specialty Retail & Apparel,-0.231617559,,0.725742504,-0.410773095,,0.11734614,,,,,Private / no public equity,,,,,,,,,,,,,,,,,,,,,
Tech Giants,0.808783278,-0.185773259,0.415959101,0.349168605,-0.039408454,0.097734853,0.196043105,-0.150927212,-0.924748453,MSFT,Public (direct listing),0.19936958666812848,0.17956070629670173,0.4205527815604983,-0.2434522090087542,0.3539072800348959,0.19154348720631584,0.4680164512855316,0.18297034224873698,-0.26499507406637535,-0.3140284822112842,-0.2664684470559123,0.16670871372907348,0.02239054624312979,0.3870437966575919,0.02831939129610859,0.16377790772708015,364840000000.0,0.007534809779629427,0.02155248191196963,0.22681885855562814,12.30591798049989
Life Sciences & Biopharma,1.709545822,-0.833977297,-0.012876552,-0.919998344,-0.83016081,-0.929296228,-0.470691768,-1.334304032,-1.037155999,MRK.DE,Subsidiary (proxy = parent listing),,,,,,,,,,,,,,,,,,,,,
Industrials,-1.451905576,0.706724847,-0.303714203,3.088558053,0.880447226,0.981882898,1.913811099,1.500381687,1.070124606,,Private / no public equity,,,,,,,,,,,,,,,,,,,,,
Restaurants & Fast Food,-2.338627155,,-0.351317554,-0.194425524,,0.099967717,,,,,Private / no public equity,,,,,,,,,,,,,,,,,,,,,
Outsourcing & Staffing,-0.287866664,,-0.104525607,0.129144074,,-0.417633993,,,,,Private / no public equity,,,,,,,,,,,,,,,,,,,,,
Financial Services,0.032159037,-2.07818307,0.022966581,-0.183274012,0.07168123,-0.570648173,,0.853875734,-2.040878493,MUFG,Public (direct listing),0.003025805315901444,,,0.1183986678343596,0.28823809031795744,0.005865710733182383,,0.33530934026404835,0.2989500947456192,0.1263430701809869,0.057242735120590194,0.003025805315901444,,,,,373731910000000.0,0.05113952405080958,,0.09512439394845122,
Restaurants & Fast Food,0.186570865,,0.433981075,0.234565961,,-1.610722757,,,,,Private / no public equity,,,,,,,,,,,,,,,,,,,,,
Life Sciences & Biopharma,-2.95283522,-1.424625851,-2.765855409,-1.549706895,-1.75170432,-2.203323537,3.533893946,-1.90849583,-0.75504025,MRNA,Public (direct listing),0.3233815453631371,0.06421966621560671,0.4990728476821192,-0.14373841731113568,0.7161796161151569,-0.2663275729086323,-1.5480943738656987,2.635514018691589,0.602300119773344,0.40845759794062286,0.5714981432373705,-0.323401211257929,,-9.063761231709545,,,1589422000.0,,,1.823331234493706,7.90100705199242
Insurance,0.916848156,-1.644524014,-0.933590601,-0.457484883,0.354248627,-0.348098708,,-0.595788985,0.440952111,MOH,Public (direct listing),0.06431703751827189,0.1513449281624717,0.04319134296616001,0.1191330478369339,0.29582904628923967,0.011775390686167047,0.011625069328896283,-0.03148829281421006,-0.9070931838392502,-0.6695831858985347,-0.23782268685121866,0.07772360211819952,-0.02730668835979365,0.051421981119080556,-0.012653404859032283,0.29196920557330275,12209000000.0,,-0.0013968805025452212,0.36994239738265317,
Consumer Products,0.312563415,-0.019316808,-0.032227737,0.568923704,-0.128444214,0.325503666,,0.429186686,-0.232753305,MDLZ,Public (direct listing),0.03818102612385998,0.09665738161559889,0.1205232410464821,0.015902283380337057,0.20804175761811344,0.03661921420977097,0.09663138611846123,0.08235799420165368,-0.40509182297871027,-0.32614669244182803,-0.15256905519455455,0.058823815960458554,0.0020683227918143208,0.15184254221646856,0.006725302510752767,0.05401701267277215,67092000000.0,,0.03454718469986877,0.10169512867568524,11.27720313144916
Software & IT Services,-0.351981358,1.223757125,0.420985468,1.71537218,0.029907892,1.716091511,1.275483342,0.354093504,-0.714717274,MDB,Public (direct listing),-0.12527249480320773,,-0.3311626927540279,-0.5587353439740151,0.9120073158298375,-0.007991896292432911,-0.04158393851211901,0.25245622151711977,0.40088825555439955,0.3922009582570847,-0.09468040778562736,-0.14550848503483005,-0.002839642810258087,-0.3506130032625016,0.010103104807254525,0.48644927168935276,2449588000.0,,-0.04967390595956699,0.5290680713064148,
Business Services,-1.889372355,-0.088113568,-3.383613687,-0.446994816,-1.414213378,-1.4220472,,-0.836350978,-0.023747475,,Private / no public equity,,,,,,,,,,,,,,,,,,,,,
Financial Services,-1.02718089,0.048235792,0.327869401,0.132086795,0.946863902,0.335479245,,0.507913485,0.283369759,MS,Public (direct listing),0.009344780809858408,-0.10997270181160701,,-0.14313604211503084,0.3222847082724438,0.012665627571951716,,0.16994611612278265,0.3704983963381341,0.2736670659220011,0.21011707591496798,0.012653391014526907,,,,,1188140000000.0,0.20466275018095512,,0.23525002871145195,
Grocery Stores,-0.563100249,,0.113356546,-0.566743659,,-1.203393313,,,,,Private / no public equity,,,,,,,,,,,,,,,,,,,,,
Software & IT Services,0.596370766,0.834634924,0.910785976,1.472664194,0.706245089,1.835851863,0.856069533,1.473719395,-0.530189834,MSI,Public (direct listing),0.10636803496176057,0.11516338269489657,0.1912862159789289,0.005179661742200192,0.30349433987137436,0.11346362649294245,0.24814627569935963,0.07357594936708867,-0.215769715606404,-0.281094144618832,-0.2504207228233971,0.09032041167529914,0.01028882952916314,0.1970032080582228,0.0017788746151980739,0.02106601066473429,12189000000.0,0.0004102059233735335,0.08756774434605578,0.23043137224853927,9.836278802842678
Restaurants & Fast Food,-1.925856713,,0.811727741,3.090023359,,0.474447224,,,,,Private / no public equity,,,,,,,,,,,,,,,,,,,,,
Insurance,0.765692185,1.192585553,1.063077301,0.470591595,-0.188705337,0.891546747,,0.739107353,0.262568107,,Private / no public equity,,,,,,,,,,,,,,,,,,,,,
Financial Services,0.96157638,0.927784933,0.455639495,0.832856195,0.327782501,0.563845085,,0.807783969,-0.297984779,NWG,Public (direct listing),0.004984355318289071,0.29129593810444865,,0.02948817433744777,0.4060516943295288,0.008209252391711722,,0.09497487437185925,0.1954859502579882,-0.00986291098568759,0.034850509278687714,0.004179070885635659,,,,,781992000000.0,0.07459283470930649,,0.10484653548547329,
Financial Services,-0.429224211,0.46668304,-0.806699427,-0.018498651,0.639624392,-0.748494928,,-1.074292497,0.340401106,,Private / no public equity,,,,,,,,,,,,,,,,,,,,,
Media & Entertainment,-0.336873462,0.249419656,0.029819496,0.320595253,0.193415431,0.521780995,-0.135380045,0.57635222,0.120844359,CMCSA,Subsidiary (proxy = parent listing),,,,,,,,,,,,,,,,,,,,,
Software & IT Services,-0.597413697,0.17886273,-0.330429131,-0.606713202,-0.213198935,-0.49659734,-0.832683083,-0.369993342,0.733459938,NATL,Subsidiary (proxy = parent listing),,,,,,,,,,,,,,,,,,,,,
Consumer Products,-0.010712077,-0.440666714,0.163972369,-0.159419307,-0.068501396,0.265249964,,-0.140991747,-0.631911897,NSRGY,Public (direct listing),0.06857421846103771,0.08357151023207954,0.16530913694872337,-0.12647931455283812,0.21155185373601262,,,,-0.28023611552040406,-0.17852802033247883,0.0026313030352993483,0.1214945882623507,,0.17068709271750315,,,139142000000.0,0.334722801167153,,0.05721211347258903,
Software & IT Services,0.262582115,0.172842277,-0.180202444,0.755030856,-0.581851617,-0.422843497,-1.023761941,-0.165117302,-0.08513537,NTAP,Public (direct listing),0.09345701176939956,,0.19040835707502374,-0.34955471818495976,0.33851763883529057,0.12752348590845491,0.24476534296028882,0.12471131639722866,0.0503542208812322,0.42884806027390754,0.3537258929187155,0.10351666006245172,-0.015173080445274451,0.1839742469391376,-0.004173501056981949,0.013949417084723525,10026000000.0,0.02493516856173948,0.10967881594297843,0.07154041211454858,
Media & Entertainment,-0.950527788,2.117245451,0.787151459,-0.445398901,0.245612244,0.325918089,1.063040732,0.83818768,0.229035962,NFLX,Public (direct listing),0.09243637092783322,0.0645739131769969,0.17816647187855345,-0.4794642243452132,0.75115370571626,0.23812678255452457,0.2972190952815688,0.16190725785301274,-0.17971802961407612,-0.5714003467490635,-0.4036358368265994,0.08000042592244305,0.02990227334180705,0.17374233477001358,0.03969121591823476,0.2141017403642569,44584663000.0,,-0.08776418635352198,0.0951172071754347,9.332558004700433
Specialty Retail & Apparel,-0.732630541,,-0.191566283,0.783776652,,0.403647619,,,,,Private / no public equity,,,,,,,,,,,,,,,,,,,,,
Insurance,0.050275282,0.212024007,0.195080659,0.166403099,0.934399953,0.503808511,,-0.132593708,0.474170584,,Private / no public equity,,,,,,,,,,,,,,,,,,,,,
Consumer Products,1.33050262,-1.421755033,-1.124345344,-0.948954741,-3.399749989,-1.363725703,,-1.437969045,-1.224606367,NWL,Public (direct listing),0.01485447142210828,-0.10671451506280105,0.08489269478803256,-0.4080341376939579,0.41755874088760186,-0.025333573746844574,0.0667872547655489,-0.01085568326947639,-0.5805363720314755,-0.5907607448151448,-0.45020380163221874,-0.0017415390671079028,0.01676318229381052,-0.009266748477358325,0.06946081076329415,0.04716583871164226,14179000000.0,,-0.03637818414929918,-0.05270550522343346,10.373491181781864
Software & IT Services,0.694097808,0.824355057,0.484898043,0.274426245,-0.964964809,0.371239585,-0.739887962,0.541837543,-0.021412614,,Private / no public equity,,,,,,,,,,,,,,,,,,,,,
Specialty Retail & Apparel,0.135392527,,0.378948362,1.592999886,,0.272822215,,,,NKE,Public (direct listing),0.14994667790977406,,0.14290301862556198,-0.26540843501877975,0.4243744611912843,0.060498507703476645,0.06033574790963609,0.000887390185464465,-0.501992921260536,-0.5950729836315406,-0.5070989901816073,0.1381457850066421,0.0010944893920318858,,,0.06523672601543977,40321000000.0,0.012400486099055082,0.04629230544478229,0.1047469566192822,11.278468153755746
Industrials,-0.853499673,1.320217364,-0.157623261,0.4977055,0.795830209,0.135163348,-0.837099522,0.480249021,-0.143724813,NSANY,Public (direct listing),0.013165149811431232,,0.029355392580168636,-0.40639753486443986,0.31371652316017734,,,,-0.3234574925863324,-0.18151393244474456,-0.10522657339877828,0.013165149811431232,,0.029355392580168636,,,16371481000000.0,0.4356553936690273,,-0.1706336427053686,
Grocery Stores,0.955554901,,1.406753048,0.77787997,,1.639310311,,,,LBLCF,Subsidiary (proxy = parent listing),0.05035782630351011,0.06270453263118303,0.05914625513238001,0.12930713703522323,0.23165148241924935,0.0667780441151546,0.0704725144742576,0.04171461449942471,0.028906735209103473,-0.1553100564396197,0.023733108437064665,0.051209919702845906,,0.05523791611811172,,,36614000000.0,0.45212213907248594,,0.25534485303958937,
Software & IT Services,0.790472406,1.471154277,2.094990448,0.631257835,0.369965589,1.278785571,1.141638585,1.372735092,-0.632449884,NOK,Public (direct listing),0.09896839997205598,0.0702188991982704,0.10285762383738058,-0.2419621490508045,0.35610245636311966,0.021666496546561873,0.040958191638327666,0.024373576309794975,0.6065463191001015,1.6327646475952795,1.9405537042103167,0.040525356438363004,,0.07967750653094316,,,40049000000.0,0.1413768134035806,,0.11883522255242267,4.442651256490317
General Retail,0.508259567,,-0.328746214,0.389533613,,0.84700335,,,,,Private / no public equity,,,,,,,,,,,,,,,,,,,,,
Specialty Retail & Apparel,0.178623423,,-0.626585703,0.005129861,,0.052629491,,,,JWN,Subsidiary (proxy = parent listing),,,,,,,,,,,,,,,,,,,,,
Financial Services,0.286573474,-0.779158648,0.890899132,-0.216974345,0.310790824,0.237733216,,0.048458689,-1.194390686,NTRS,Public (direct listing),0.00861731448102288,0.045896821099852936,,-0.28863151404152887,0.34623400788760217,0.010782673412947596,,0.13696582298056592,0.3890799924869015,0.07954354140094377,0.1374988166538329,0.00880746646591358,-0.001251114114915039,,,0.06436809900904472,183889800000.0,,-0.010350851176072838,-0.007877244403936964,9.957028319464158
Industrials,1.190613982,0.72025259,0.003961417,0.314296983,0.613508691,0.303654165,-0.823369579,0.602771223,-0.997216188,NOC,Public (direct listing),0.11189578333904697,0.026214708273754495,0.09838260204360418,0.3759319795605174,0.3150983856910803,0.09145826567067229,0.11084098472868034,0.04362061681453322,0.16563530929384718,-0.10434062423949841,-0.2004605282787355,0.0969803683663187,0.05490360677060755,0.1287288327022268,0.020577001699721657,0.028323529517643886,42579000000.0,0.00014091453533431975,-0.030597028121325115,0.21454376482134233,9.159047077588632
Insurance,-0.84034146,0.772536743,-0.173278186,0.390952955,1.161611498,1.000796633,,0.606385828,1.497385838,,Private / no public equity,,,,,,,,,,,,,,,,,,,,,
Travel & Leisure,-2.256749144,,0.152064499,0.332896916,,-0.079298166,,,,NCLH,Public (direct listing),-0.1223163287421379,6.475099770674058,-0.3203620740912019,-0.415178058342082,0.7513232609335415,0.025212900397402243,0.15879052083187956,0.09572875505334055,-0.09528636846149907,-0.3622004054500497,-0.38011987170255535,-0.24061004908905506,,-3.938893741531453,,,18729837000.0,0.6645327452662829,,-0.3806299661585346,10.348173373797572
Restaurants & Fast Food,1.433170097,,-0.545980597,-0.245964004,,0.494085135,,,,,Private / no public equity,,,,,,,,,,,,,,,,,,,,,
Life Sciences & Biopharma,0.454449077,0.194722419,0.846261522,0.004335852,-2.565777798,0.279675817,0.899471079,0.289917272,-0.858246175,NVS,Public (direct listing),0.05921517543187488,-0.01166598444535405,0.18283058374174546,0.0662307996676792,0.18516024661526423,0.12271145716455295,0.30428788575064514,-0.007048458149779724,0.22632369613616876,0.02066608366414524,0.036485455044804826,0.18226032854053645,,0.22868058398144359,,,131795000000.0,0.23540346750635457,,0.023449728341416787,4.700480365792417
Software & IT Services,0.130169846,-0.197344731,0.414316742,-0.304287695,0.301296202,0.196768952,-0.184429114,0.025869636,0.247889652,,Private / no public equity,,,,,,,,,,,,,,,,,,,,,
Tech Giants,-0.276326661,1.336425244,1.037239102,2.349370021,2.083030069,3.541974399,2.963133415,1.998669951,1.292248297,NVDA,Public (direct listing),0.22069839545567702,,0.3730772088875678,-0.46547985426217275,0.6323435238418489,0.8311391432830186,0.6402002437956377,0.8522763378875222,0.5006273976703823,0.14116186287856114,-0.01051697395603024,0.21104533632309022,-0.02835419431460153,0.3075539904636507,0.015629270447318412,0.3577384587184933,44187000000.0,0.0,0.3410724835602122,0.6368779339076133,10.020069867615993
Specialty Retail & Apparel,0.021103402,,-0.709564845,-1.643833247,,-0.611718614,,,,ORLY,Public (direct listing),0.17205049200667819,0.08120741954099175,0.2050325957365304,0.21585970264801846,0.2979423257760691,0.1588335870325822,0.19558556877559755,0.10239854539266369,-0.28849242406646614,-0.2763663344048033,-0.31617995412005995,0.15520683019193113,0.027462348839326408,0.2055331307672107,0.014823979236161895,0.14589224912048981,11718707000.0,,-0.031047036511401987,0.2676217415201376,11.334229328391311
Specialty Retail & Apparel,1.382119505,,1.219216746,-0.838592849,,0.225242701,,,,ODP,Public (direct listing),,,,,,,,,,,,,,,,,,,,,
Software & IT Services,0.099056285,0.744278402,-1.60835967,-0.442693161,-0.388195828,-1.565932613,1.007415101,-0.921136848,-0.811363619,OKTA,Public (direct listing),-0.0921138388007821,,-0.5907692307692308,-0.676717118482515,0.8490058657057116,0.026112696902420976,0.056742323097463285,0.11191860465116288,-0.43768582604305095,0.014470761655124509,0.20613695552301325,-0.10623294487665066,0.018520315594902144,-0.3627656737108639,-0.07984171943690628,0.4832390166569301,9205695000.0,,0.044215759744538306,0.1228611414088218,7.939515260662406
Specialty Retail & Apparel,0.286419086,,1.106707276,0.407091038,,0.784005604,,,,GAP,Subsidiary (proxy = parent listing),0.020061123736384297,,0.04859028194361128,-0.325623925807236,0.5979125676827692,0.07807649386222988,0.08441558441558442,0.009818076812012633,0.04047240284689235,-0.2675779880611082,-0.14056529061969048,0.030508937092382653,-0.0387608557110975,0.025827499305417407,-0.019817073619780756,0.012808599201115508,12761000000.0,,0.10992639988815016,-0.0786516967224918,11.48246625748552
Restaurants & Fast Food,1.528106475,,-0.252767362,0.905115258,,1.073999386,,,,DRI,Subsidiary (proxy = parent listing),,,,,,,,,,,,,,,,,,,,,
Financial Services,-0.728133881,-0.068080233,-1.666836684,-0.315711891,-0.133362326,-1.391594171,,-0.485288266,1.266150919,OMF,Public (direct listing),0.038691928828149265,0.04038652130822595,,-0.3140525779491872,0.4508581915383047,0.029476295836843518,,0.063919259882254,0.08757554049998117,-0.21369068896827437,-0.09108821881195595,0.05951356492594773,,,,,22079000000.0,0.8039313374699941,,0.10608711677546996,
Telecommunications,0.270733523,-0.440726255,-1.454817905,-1.464658777,0.844227047,-1.799140397,,-1.416832612,0.367984759,,Private / no public equity,,,,,,,,,,,,,,,,,,,,,
Software & IT Services,0.115428122,0.14484983,-0.822349378,-0.780021287,0.224787844,-0.206839145,-2.062325357,-1.408946033,-0.408292983,OTEX,Public (direct listing),0.03901081179800752,0.031814926545613575,0.19796132855387935,-0.3532620800428117,0.3515241531646258,0.038134320029215095,0.2185670572006593,0.022434494639908875,-0.3028690393046596,-0.407683967737806,-0.48414908716645444,0.03255268878534641,0.001852372211843728,0.19073050881839695,0.001757177529484202,0.06823075390184281,10178973000.0,0.0009824173813998722,-0.02609350927452347,-0.08439806540613752,7.608374474380783
Tech Giants,0.889082407,-0.95978312,-0.417606696,-1.302465072,-0.213012203,0.095968143,-0.370381091,-0.023743293,0.075550136,ORCL,Public (direct listing),0.0614563986202732,,0.3729971724787936,-0.06424488052380062,0.3043586795394069,0.07658622729799021,0.33317497550402325,0.2063132742249889,-0.15376367728074358,-0.19487375069002177,-0.35090092406405826,0.08901229645123113,-0.010443443130889537,0.3328910032590813,-0.023534415927930173,0.02449148797981419,109297000000.0,0.0,0.029765898077654628,0.18510095403465218,
Outsourcing & Staffing,-0.285423784,,-0.724699161,-0.459621057,,-0.730146336,,,,,Private / no public equity,,,,,,,,,,,,,,,,,,,,,
Restaurants & Fast Food,0.400050519,,-0.843012811,-0.028483701,,0.885759857,,,,BLMN,Public (direct listing),0.03069095070661135,-0.027444064540308566,0.07783151462243562,-0.021760410449717438,0.5066460986094926,0.006754414923158782,0.02963685759850734,0.009602760686513001,-0.43012488204776067,-0.3449936415975263,0.04877600482097799,0.0181901453240453,0.014544572937568919,0.021974491666003237,0.014391301341269348,0.03307792070059551,3294271000.0,0.003326380859376779,0.15269937152276308,-0.004014159573133373,11.314474526246393
Restaurants & Fast Food,0.13516208,,-0.542811004,0.033942304,,0.457652817,,,,,Private / no public equity,,,,,,,,,,,,,,,,,,,,,
Business Consulting,0.821492592,-2.174424102,-2.039473184,-0.003032818,-1.06448456,-0.502995874,,0.282325068,-0.804202697,,Private / no public equity,,,,,,,,,,,,,,,,,,,,,
Specialty Retail & Apparel,-0.008360452,,1.085571267,-0.215483618,,1.060004822,,,,,Private / no public equity,,,,,,,,,,,,,,,,,,,,,
Outsourcing & Staffing,-0.249709767,,-0.537706528,-0.324414188,,0.395507648,,,,,Private / no public equity,,,,,,,,,,,,,,,,,,,,,
Software & IT Services,-1.068223372,0.214366206,-0.342838679,-0.349186921,0.603221214,-0.214363664,1.937933848,0.151782031,-0.013455698,PANW,Public (direct listing),-0.021789514918064894,0.2926153050915157,-0.034317913296373716,-0.18991490398249122,0.4833864608187374,0.02848326928991223,0.09618811461112735,0.3114897335080822,-0.2459259360000352,0.1893346769689177,0.22385293038903464,-0.028094756073111214,-0.004735767168754496,-0.044235839555216705,-0.006591358087996971,0.23893228525311008,12253600000.0,0.3000587582424757,0.058571413064454896,0.28737428329139547,9.438352054687252
Industrials,0.29537878,-0.013160379,-0.481689836,-0.221660715,-0.14025558,0.161211592,0.46979173,-0.931485403,-0.030611068,PCRFY,Public (direct listing),,,,,,,,,,,,,,,,,,,,,
Restaurants & Fast Food,-1.081549044,,-1.155152831,-0.369441777,,-2.318032118,,,,,Private / no public equity,,,,,,,,,,,,,,,,,,,,,
Specialty Retail & Apparel,-1.253257199,,0.210159655,0.504566692,,0.628534533,,,,PNDORA.CO,Subsidiary (proxy = parent listing),,,,,,,,,,,,,,,,,,,,,
Restaurants & Fast Food,0.374130172,,-0.154342335,-0.328209279,,-0.634466192,,,,,Private / no public equity,,,,,,,,,,,,,,,,,,,,,
Restaurants & Fast Food,0.939538696,,0.465733153,-0.601750317,,0.845000076,,,,PZZA,Public (direct listing),0.0784192116191695,0.016283918989412616,0.05760659682232507,-0.32433476801807803,0.38752094149487293,0.033175627922858886,0.04107426215476032,-0.0765952356605808,-0.2744834629855091,-0.5112272690480127,-0.4016980566171272,,,,,,,,,0.1916541902733417,11.652687407345388
Media & Entertainment,0.528767561,-0.055345166,1.10354197,1.118561075,-0.103799045,0.578015643,0.077581397,0.48414446,-0.091956506,PSKY,Public (direct listing),0.018906375764218313,0.054852025467011734,0.09610665251707899,-0.48680979950144265,0.5693462288002545,,,,-0.42595124428485365,-0.4206911384438614,-0.5715442229014669,0.07749914704878881,,0.14181767298677675,,,58620000000.0,0.32935858068918455,,-0.23013571187490958,
Industrials,-0.228096765,0.485956921,-0.32844135,0.462793011,0.234300305,0.26475534,-1.083846209,-0.35755469,-0.572073042,PH,Public (direct listing),0.050709523991784904,0.10552035038515051,0.17698319111151908,-0.0803277862692191,0.31202703251008496,0.11470478984187671,0.2086778747718715,0.10604838709677411,0.40722199779933166,-0.024942037626877633,-0.012849435739908266,0.07092773058995314,-0.008127916986822055,0.16809791424659157,0.008121167830100468,0.03650178131692431,25943943000.0,0.06646291197910818,0.07457546372934937,0.1570122325791312,10.916723490466762
Specialty Retail & Apparel,0.351576619,,0.851656003,0.108031791,,-0.269075781,,,,,Private / no public equity,,,,,,,,,,,,,,,,,,,,,
Business Services,0.122148037,0.148307024,-0.462497589,-0.546834669,-2.080274291,-0.591669244,,-2.960954171,-1.023214243,PAYX,Public (direct listing),0.14455330454998339,,0.39898518984322484,-0.09699275877496838,0.28649142959061685,0.0973394749127977,0.36895702421926807,0.19874088800530143,-0.6408362969775128,-0.5514648384699745,-0.33021998575326117,0.14455330454998339,,0.37757217539257626,0.009381014363591105,0.07373357394713653,9635200000.0,0.08279018598472268,0.034163548647940176,0.18721758433382132,
Software & IT Services,-2.438029628,-0.85388949,-1.953598702,-0.07653754,-0.255634866,-0.947260736,-0.271293657,-2.960939931,0.734567803,PAYC,Public (direct listing),0.07210738311441883,0.30286000128845947,0.2753781268179174,-0.1723502593395,0.5341264614739712,0.09077687962931646,0.28289536550406114,0.07785108388312922,-0.6827578960037145,-0.6333539343287556,-0.431773017618715,0.0628554216700186,-0.0058306725208104775,0.2560330782040911,-0.03322237508325148,0.1975488348677713,3215145000.0,0.000552074634269994,0.08110703797378568,0.1336335462303945,8.591372589590488
Software & IT Services,-0.599940541,0.296910581,-0.290270102,-0.348568322,-0.462122417,0.245979483,1.021665994,-0.845324303,0.173430576,PCTY,Public (direct listing),0.0188764266437985,0.3414329473102937,0.09921292533521922,-0.10360963013900426,0.5556399999872682,0.04905145575531375,0.21292874721607755,0.1050230118711335,-0.7094032030825682,-0.6059219903903758,-0.38769659184676697,0.027624809636585434,-0.0036014146961552934,0.10959700909657089,-0.010659437816906536,0.23944226756275397,4809014000.0,,0.06098667177492151,0.21621616673900057,14.077874822431763
Financial Services,1.025534715,-0.751908623,-0.027920232,-0.079688823,-3.006672572,-0.743101409,,-0.316453541,-0.358404963,PYPL,Public (direct listing),0.030766687016687017,0.08462417721020055,0.14695835453157932,-0.6347786513095571,0.6000525256802229,0.06317886211859618,0.1885931108080868,0.07213451418303163,-0.5377895682257496,-0.6388200742582258,-0.4633781524489273,0.054997823305146236,,0.1704308068266919,,,75803000000.0,0.10618313259369681,,0.09771365257478133,10.338511462885837
Consumer Products,-0.609737208,-0.436326418,0.397336813,-0.253229691,0.474331477,0.321077112,,0.248647061,0.579849876,PEP,Public (direct listing),0.09665137166845651,0.08704733623575,0.13145893138253542,0.07432833750931223,0.1956064800544916,0.08124703452510536,0.14794288049115234,0.08504938891679226,-0.1761386264728697,-0.139677181920709,-0.11200843803250038,0.08406978044081209,-0.005324904303709895,0.14563868169646993,-0.00639017991830322,0.08857585025396264,92377000000.0,0.4319040453792611,0.01961842549194241,0.1450957634770297,
Industrials,0.916909246,-0.69758429,-0.199528267,-0.268608767,0.360400427,1.328640222,-0.075809297,-0.555920108,0.753948302,,Private / no public equity,,,,,,,,,,,,,,,,,,,,,
Specialty Retail & Apparel,1.492475991,,-1.209733746,-0.882764284,,-0.275701882,,,,,Private / no public equity,,,,,,,,,,,,,,,,,,,,,
Specialty Retail & Apparel,-0.667548594,,-0.706559022,-2.294498562,,-1.787249639,,,,WOOF,Public (direct listing),0.025302938269214818,,0.045817835912252296,-0.5120549498840649,0.5512292166189107,0.0010828263708480479,0.021576582618025753,0.002231821502491904,-0.39084265739267354,-0.18758577775385743,-0.3684634395406745,0.010472050196680564,,0.036758004337496576,0.010438554800209441,0.1448954477048724,6497941000.0,,,-0.4266721342955753,10.2574839122691
Specialty Retail & Apparel,-0.523860162,,-0.279408182,-0.924819789,,-0.966666029,,,,,Private / no public equity,,,,,,,,,,,,,,,,,,,,,
Life Sciences & Biopharma,0.092868625,0.65591595,0.536668985,0.30507102,-0.147880348,0.31571137,0.571222402,0.8267451,-0.044588479,PFE,Public (direct listing),0.1590831875459547,0.2446486566282846,0.37674326661724733,-0.0506854154690729,0.2666622868742648,0.03607013691241554,0.272435796190416,0.05359095880422893,0.025697103358078843,-0.11777648158304554,-0.12636304671825282,0.0935399659571738,0.011976907114004549,,,0.37474690684310097,181476000000.0,0.009014966166325024,0.15970772091065244,0.21085842832525872,11.27720313144916
Life Sciences & Biopharma,1.491780931,0.316744609,0.419001312,0.531594689,-1.153454557,-0.257228379,-0.081177664,0.054832345,-1.908923015,PHG,Public (direct listing),-0.052398331595411886,0.03911168104453244,-0.009928759746452012,-0.5929340524030536,0.48111344162628733,0.03628609905730959,0.08717338321147197,-0.04686355870148884,-0.021262390281079124,-0.10337820717999135,-0.1463049234371122,0.10719937986499144,,0.03631382606668221,,,30961000000.0,0.1953102289977714,,-0.2732560370158439,13.62918097977278
Grocery Stores,-0.565122844,,-1.78630922,-0.074099393,,-1.36143781,,,,BRK-B,Subsidiary (proxy = parent listing),,,,,,,,,,,,,,,,,,,,,
Restaurants & Fast Food,0.58463303,,1.124838852,-0.352997771,,1.082539337,,,,YUM,Subsidiary (proxy = parent listing),,,,,,,,,,,,,,,,,,,,,
Restaurants & Fast Food,-1.910357886,,0.915962365,-0.517004501,,1.277358819,,,,,Private / no public equity,,,,,,,,,,,,,,,,,,,,,
Financial Services,0.507528848,0.40464399,0.124439992,-0.705922369,0.58063837,-0.157457003,,0.163906732,0.809344311,PNC,Public (direct listing),0.010840482859978143,0.09905783145073133,,-0.26704996632539224,0.3037831573051445,0.01252346522460223,,0.1303469799889847,0.11927375572061738,-0.049174810552592874,0.0035703784942131556,0.01322505744706858,-0.001465189855301219,,,0.042367311062787516,557191000000.0,,,0.04405612964447395,6.214608098422191
Restaurants & Fast Food,-0.339443726,,0.186194212,0.068847008,,-0.153895055,,,,QSR,Subsidiary (proxy = parent listing),,,,,,,,,,,,,,,,,,,,,
Life Sciences & Biopharma,0.24308986,0.067900596,-0.679216155,-0.714246381,0.882943882,1.258381239,-1.590436907,0.228787978,1.018263407,TMO,Public (direct listing),0.07153591205714639,0.1454693835913392,0.1894022041634198,-0.1255687882343932,0.3208783196630792,0.06401884666981401,0.18158686609434463,0.061848707062910124,-0.19005866645396519,-0.06472777237936733,-0.2086824075851761,0.07897846640988312,0.00894982767709659,0.2258398803175722,0.037941969877000124,0.23921300173380844,95123000000.0,0.3644754686038077,-0.0579520202863989,0.2344623177729022,
Industrials,0.454001966,-1.371766842,-1.586292107,-2.107380896,-0.944509156,-1.171336329,-1.208011009,-0.903602535,0.606417002,PPG,Public (direct listing),0.04946008484381026,-0.07070586834900605,0.10669911617778917,-0.24354201159641442,0.35395842035867575,0.07164570408290108,0.13727436263259102,0.0667752442996743,-0.22339169382072122,-0.23997332574445474,-0.031356797178083484,0.06391458414704927,-0.0013984754394528215,0.14386729030721682,-0.010364885066703973,0.06396017321911368,21351000000.0,0.0001405086412814388,0.06860637326740816,0.03508790549119889,7.611347717403621
Travel & Leisure,-1.625953223,,-0.505653294,-0.72274705,,-1.70049497,,,,WTBDY,Subsidiary (proxy = parent listing),,,,,,,,,,,,,,,,,,,,,
Business Services,0.390518446,-0.036602686,-1.739158436,-1.148196725,0.7167319,-0.956909478,,-1.707058377,0.535117165,,Private / no public equity,,,,,,,,,,,,,,,,,,,,,
Restaurants & Fast Food,-2.010076111,,-0.351743956,0.271830207,,-0.931528037,,,,,Private / no public equity,,,,,,,,,,,,,,,,,,,,,
Specialty Retail & Apparel,0.338359008,,0.588055467,0.14909755,,-0.441788021,,,,ASBFY,Public (direct listing),0.035398230088495575,0.0,0.07460140024710243,-0.30692956627892165,0.36249134882584283,,,,-0.26202627711082505,-0.3610048755073696,-0.2270858003184526,0.030661006162476728,0.007105835889030534,0.06692993952345073,0.011507191085481192,0.11210746182656295,19775000000.0,0.19666245259165613,0.11210746182644128,-0.14826777997074894,
Specialty Retail & Apparel,-1.574772677,,-3.477976089,-2.002215402,,-1.513827499,,,,,Private / no public equity,,,,,,,,,,,,,,,,,,,,,
Insurance,0.203208947,1.13621347,0.897650179,0.215145285,0.926518907,0.159546207,,0.13973166,-0.047514075,PFG,Public (direct listing),0.01635420999975934,0.21543825115402204,,0.16742737119569262,0.311807163242826,0.00469062834024417,,-0.04513109120917769,-0.010435944533395913,0.08217597409350952,0.13268113107829982,0.005123413341516621,0.00028249622850065744,,,-0.06187554109887822,304657200000.0,0.014049233039626177,0.15882296620517664,0.22549691529486757,14.690979295318174
Software & IT Services,0.128360464,-0.057000884,-0.635910053,0.233310963,-0.998601185,0.280801069,-0.773288366,0.520461744,-0.383311052,PCOR,Public (direct listing),-0.16486402629265517,0.39893866023336266,-0.403294626653874,-0.3521567735287574,0.6199100129362939,-0.03657032731013685,-0.07567971644447037,0.15661940817430264,-0.3186406758692688,-0.5261194403687374,-0.4400619937036907,-0.1370043143247701,,-0.329104709696081,-0.13484334553042562,0.3351388277704236,1690657000.0,,0.007388927342084255,-0.2484094287922835,7.9672801789422
Consumer Products,-0.522528742,1.026193484,0.533466705,0.203345741,0.916101377,0.47594458,,1.355454643,-0.492360676,PG,Public (direct listing),0.12577639751552794,0.05345647547229304,0.22214324017608839,-0.03627587479994587,0.2208648199064158,0.13070754030529366,0.23239696487465117,0.07377629449838197,-0.3988484121370791,-0.3202904688686028,-0.18067495605731065,0.0968683186240987,0.028773262737867795,0.19021733144265296,0.04381498710263878,0.058183384324221654,117208000000.0,0.031115623506927856,0.0026014130803914577,0.10851835683524325,6.214608098422191
Insurance,-1.298403148,1.40842325,1.203996283,0.377900879,1.008562763,0.995787784,,0.70866601,1.015515525,PGR,Public (direct listing),0.009567349102232824,0.0400721529474688,,0.22024469329152496,0.2575603879259612,0.09587299875793913,,0.08714831879227525,-0.5020513665872269,-0.4692111965144051,-0.31591799456146064,0.06947687593449953,-0.01260847929915312,,,0.10570625609963746,71132300000.0,0.0,-0.02657968409312189,0.26080557566501544,10.799575577092764
Outsourcing & Staffing,2.319780855,,1.035621672,1.778864614,,0.929156085,,,,,Private / no public equity,,,,,,,,,,,,,,,,,,,,,
Insurance,0.565366587,0.490597661,1.189089462,0.051562138,-0.843807766,0.197124518,,0.691160227,-1.049404337,PUK,Public (direct listing),-0.006283970570799193,-1.8007547169811322,,-0.23160210314353102,0.46874538533429455,,,,0.2755149708847233,-0.05444647914759715,-0.10197980111381932,-0.010848314845509797,,,,,188232000000.0,0.037124399676994345,,-0.09187083147257931,6.689599269178967
Business Services,-0.147305107,-0.180920951,0.882465816,0.46261145,0.668680072,0.462131961,,0.324445842,-0.519977181,,Private / no public equity,,,,,,,,,,,,,,,,,,,,,
Business Services,0.140659901,-1.423352594,1.281751827,0.899180565,0.187474428,-0.249858132,,1.244951878,-0.860915592,,Private / no public equity,,,,,,,,,,,,,,,,,,,,,
Grocery Stores,0.059252325,,0.099345019,0.043835381,,0.216657419,,,,,Private / no public equity,,,,,,,,,,,,,,,,,,,,,
Business Consulting,-0.757279601,0.916141957,0.583639602,-0.348407426,0.634357196,0.634916782,,0.483542862,0.525818513,,Private / no public equity,,,,,,,,,,,,,,,,,,,,,
Tech Giants,-0.442741789,0.493462701,0.091918704,0.146687552,0.957932613,-0.414160186,1.518708254,1.220671765,0.128293704,QCOM,Public (direct listing),0.2639245929734362,0.31680867544539115,0.3588235294117647,-0.3886056397033253,0.4691041050106001,0.18446380852794236,0.2561197653247016,-0.0346115311048365,-0.3161835318646671,0.3656887838976761,0.3868673409080454,0.1905800859338047,0.046576782643971366,0.30803571083612985,0.015468932857358876,0.2375661481879906,49014000000.0,0.02950177500306035,0.17368881018179785,0.2063171115591956,10.839580911706465
Software & IT Services,-0.654180182,-3.524619423,-1.202600132,-0.62678357,-2.452940651,-3.298638841,-0.760332836,-2.937986462,-0.398733932,,Private / no public equity,,,,,,,,,,,,,,,,,,,,,
Grocery Stores,-0.985334075,,0.675257461,0.581576312,,0.623134539,,,,,Private / no public equity,,,,,,,,,,,,,,,,,,,,,
Specialty Retail & Apparel,2.174095501,,0.52806158,0.253947468,,0.628856703,,,,QVCGA,Subsidiary (proxy = parent listing),,,,,,,,,,,,,,,,,,,,,
Grocery Stores,0.294020894,,-0.828790942,-1.065789658,,-1.726579186,,,,,Private / no public equity,,,,,,,,,,,,,,,,,,,,,
Specialty Retail & Apparel,-0.134709249,,-0.251712278,0.736094726,,-0.173168016,,,,RL,Public (direct listing),0.07768586482322938,,0.13538634718983678,-0.10770402732226392,0.4521801002597861,0.12280810499564476,0.15987429909421405,0.1657927296294115,0.5061268666379699,0.11213940423034452,0.01420252145505252,0.04690738823193929,-0.005260872567467921,0.06473437058896646,0.005683036084877276,0.03440331138861256,7724700000.0,0.06470154180744883,0.21865296160464862,-0.007815260129617826,10.00784756786037
Outsourcing & Staffing,0.815387431,,1.180893025,0.467073547,,0.952871561,,,,,Private / no public equity,,,,,,,,,,,,,,,,,,,,,
Financial Services,-0.3483485,0.356307967,1.015313601,0.841147567,1.099020985,1.689684884,,1.079047367,0.690597394,RJF,Public (direct listing),0.018640906227223877,0.12679127725856687,,0.006569732255378824,0.3411782583372069,0.024277100429965878,,0.13347267841146615,-0.16322522296534436,-0.29966080415943264,-0.2676843827510875,0.02129156700272764,-0.0018522662227297814,,,0.12413798976473174,80951000000.0,,0.061498293314886945,0.24697339847416253,9.740968623038354
Financial Services,-0.41701292,1.179291182,1.047935937,0.920536733,1.061836683,0.949265931,,0.739624295,0.167420401,RY,Public (direct listing),0.008237973856925056,-0.015382441407432834,,-0.11809079962950753,0.22470127077133903,0.009530562332452086,,0.1132473173224322,0.20659560008098832,0.21873321783983002,0.15810303882398768,0.009399158307073163,,,,,1706323000000.0,0.17877506193141626,,0.1111984107625212,
General Retail,0.878878908,,0.522290068,0.523016973,,1.273485828,,,,LBLCF,Public (direct listing),0.05035782630351011,0.06270453263118303,0.05914625513238001,0.12930713703522323,0.23165148241924935,0.0667780441151546,0.0704725144742576,0.04171461449942471,0.028906735209103473,-0.1553100564396197,0.023733108437064665,0.051209919702845906,,0.05523791611811172,,,36614000000.0,0.45212213907248594,,0.25534485303958937,
Consumer Products,0.141794776,-0.688478839,0.641529298,0.110929409,-1.195843469,-0.326517018,,0.229215591,0.136177427,RBGLY,Public (direct listing),0.08106603576647414,0.09211122865346844,0.23538365737217187,-0.17213489458104492,0.2567561731422091,,,,-0.1352704843908079,-0.30629073514826155,-0.31392674818261646,-0.0011875603057967788,,0.20507782983225026,,,26946000000.0,0.3548949751354561,,-0.027387391126337663,
Consumer Products,-0.751799403,1.540413153,0.190660698,1.838635591,0.950200572,0.668384723,,0.68210559,0.7801698,,Private / no public equity,,,,,,,,,,,,,,,,,,,,,
Software & IT Services,0.300571979,0.560519486,0.481137842,0.562604848,-0.890578623,-0.234815214,1.138983048,-0.449119749,-1.396375279,IBM,Subsidiary (proxy = parent listing),0.012888724723560431,0.05543059406113238,0.1350404757971254,0.0945244186168468,0.2379487916998686,0.07133594027256777,0.1878627815184583,0.09462898012516341,-0.19013095816370096,-0.1875449975162109,-0.07937943949712878,0.0471058209016482,-0.009231487246909031,,,-0.13335882174184643,132001000000.0,,0.05058345626676835,0.08336781493617218,7.601402334583733
Restaurants & Fast Food,0.207540194,,0.299004102,0.10190687,,0.121848021,,,,,Private / no public equity,,,,,,,,,,,,,,,,,,,,,
Restaurants & Fast Food,0.637142678,,-1.280361351,-0.305756812,,-0.91945695,,,,RRGB,Public (direct listing),-0.09479477735250467,0.08944016073868166,-0.014197959122394183,-0.6592445709525272,0.7477079155428029,-0.04709898483534707,0.01156307607418895,-0.03591172190207237,-0.37792641878881605,-0.4518701656976438,-0.4355066036220838,-0.11447730497240895,-0.023718866081586718,-0.11942958629460977,-0.01079818601689497,-0.0008448137073988615,928998000.0,0.010432745818613172,0.21467296937442962,-0.3988998697003381,
Media & Entertainment,-1.002168392,0.358302501,-1.021533977,-1.760518513,0.623758602,-0.695951023,,-0.025462894,1.525154133,,Private / no public equity,,,,,,,,,,,,,,,,,,,,,
Life Sciences & Biopharma,-2.237265762,0.383632517,0.248773958,0.323815361,0.632118197,-0.361711957,1.795349385,0.174854943,-0.58458572,REGN,Public (direct listing),0.14850160023276113,-0.2425879029598611,0.3892991809675591,0.1782983861459677,0.32875860971965276,0.11071224989221987,0.25689696774712456,0.19041172780400828,0.020782190173155746,-0.08075307810874355,-0.10949531068629859,0.22169734304704622,0.08729048108052877,0.4195413101766527,0.13782845010728878,0.48601104869938005,25434800000.0,,-0.16158822622124744,0.25079301988485997,
Financial Services,0.770633153,0.801531801,-0.352767807,0.048772821,0.633517519,-0.038223685,,-0.737698304,0.605546734,RF,Public (direct listing),0.01446334235278959,0.11326911124922301,,-0.09287660545728282,0.3613188984757049,0.013934532746934795,,0.049887892376681675,0.16046998648049637,-0.04291497101500963,-0.04837071568117213,0.015472142778234665,,,,,162938000000.0,0.014772490149627466,,0.12689586337274747,9.884610496766438
Specialty Retail & Apparel,0.378747278,,0.256910211,0.493936569,,-0.766872508,,,,,Private / no public equity,,,,,,,,,,,,,,,,,,,,,
Outsourcing & Staffing,-0.169964581,,-1.187252521,0.111354108,,-0.712597926,,,,RSG,Public (direct listing),0.05121691810456099,0.19619300575475873,0.17859521871068018,-0.015447117465660298,0.223355327417403,0.06372289793759915,0.20047918538484577,0.025941631329508663,-0.33948453354451147,-0.4081479949834603,-0.2488488611407006,0.046766435796785195,0.002197094198576583,0.17522168473351804,0.0051455881900748695,0.049128583397754555,24955000000.0,0.3878300941695051,0.10518786530825358,0.19097611612620333,14.77102200299171
Financial Services,-1.165967955,-1.369526878,-1.662167824,-2.014290825,-1.398390978,-0.680656197,,0.504086667,1.679399506,,Private / no public equity,,,,,,,,,,,,,,,,,,,,,
Specialty Retail & Apparel,-2.761428351,,-3.842915769,-1.201380441,,-3.29570498,,,,RH,Public (direct listing),0.12427573833988813,,0.24666810328773392,-0.4772273432265677,0.6070788059894129,0.021386365748236148,0.10671610946223954,-0.016738087749646136,-0.6267663870948372,-0.49007286995942745,-0.3987923440797224,0.12427573833988813,,0.24666810328773392,,,5540470000.0,0.6197467001896951,,0.2746984326975725,6.684611727667927
Industrials,0.413065468,-0.029618604,0.349686273,0.776802437,-0.609966522,0.765771317,-0.921486214,-0.295099746,0.024124357,RICOY,Public (direct listing),0.016387931713623714,,0.02294910629954617,-0.1800642844120448,0.514266468471156,,,,-0.39569761587887997,-0.2712023844466651,-0.06416813384833042,0.016387931713623714,,0.02294910629954617,,,1853254000000.0,0.1632512326966514,,-0.05412611872667213,
General Retail,0.6075683,,0.869778835,-0.380802923,,0.874049108,,,,,Private / no public equity,,,,,,,,,,,,,,,,,,,,,
Travel & Leisure,-0.868241708,,-0.265229404,-0.352233488,,-0.724320744,,,,MAR,Subsidiary (proxy = parent listing),0.09502317146886964,0.49909792884462734,0.16723631637221392,-0.09634900621360798,0.372734111887067,0.09347755308758095,0.16021371862888964,0.06243014529778068,0.2538585116761265,0.12632251846578013,0.30618385105256163,0.02767190146388493,-0.0039038429931531255,0.07335498461903413,0.020230618869599315,-0.09254826851945591,25553000000.0,0.005283137009353109,0.4975224528831421,0.03754111935817513,12.230765258120543
Specialty Retail & Apparel,-0.750052473,,-0.565225611,-0.117585936,,-0.619782257,,,,,Private / no public equity,,,,,,,,,,,,,,,,,,,,,
Industrials,-1.137672867,-1.699921654,-1.181589118,-0.722416874,-2.88569999,-2.521083681,1.436361507,-1.859874352,0.218618577,RIVN,Public (direct listing),-0.3777131349295144,29.145454545454545,-4.135102533172497,-0.7859566240074043,0.8868180230872841,-0.23481497554706146,-0.6893994211287988,0.1137096774193549,0.05719666715714,-0.026269873919977593,-0.02261022231644949,-0.2157444816995992,,-76.72727272727273,,,22294000000.0,0.0,,-0.3955973706727275,
Outsourcing & Staffing,0.106102511,,0.059144394,0.015029156,,0.597309956,,,,RHI,Subsidiary (proxy = parent listing),,,,,,,,,,,,,,,,,,,,,
Life Sciences & Biopharma,1.265198913,0.268580841,0.541732086,0.70145828,-1.592593713,-0.348908606,0.308009536,0.086468644,-1.234423567,RHHBY,Public (direct listing),0.14090594547991514,0.04797694304230826,0.2655362081016197,-0.20217296177596633,0.25464312664366306,,,,0.11196732606964321,0.07732231941564383,0.0675662238676451,0.1508931182772404,,0.28908775337972326,,,92317000000.0,0.35261111171290227,,0.03292842018783704,
Financial Services,-2.089519792,-1.174639062,-1.280244468,-0.043674618,-0.80200289,0.009267709,,-0.885509563,1.378414455,RKT,Public (direct listing),0.002311548150173895,-0.5517959785633969,,-0.4604082946600232,0.5835519376141763,0.005202271972209115,,1.6129032258064515,-0.2961128503040693,-0.23429443336564182,-0.3976003636950245,0.009403844009263798,,,,,32774895000.0,0.2982458067371383,,-0.2720096398411694,10.16585181700362
Industrials,0.642960289,0.533943388,1.654386799,0.806873731,-0.783090274,0.427523087,-0.439364221,1.177052499,-2.007915211,ROK,Public (direct listing),0.08664615613410542,0.10904050075742422,0.17206587289314984,-0.21920813829012697,0.37433283858308436,0.09701991180008018,0.18957292139936394,0.11894052973513247,0.3116463997808525,0.1145706747872195,0.16622154144458934,0.11706210046677835,-0.009549726364118648,,,0.053329980655126584,10758700000.0,0.056614646751001516,0.08178021333503763,0.1510395112164554,10.16585181700362
Telecommunications,-0.294322704,1.274243212,1.297519846,0.433898801,0.674544789,1.425880315,,1.31004581,0.846821751,RCI,Public (direct listing),0.030185967118857245,0.05056294779938586,0.24792153806183423,-0.03993993613724989,0.23717952070706805,0.08134451455134786,0.2283283823926546,0.10168810289389074,0.1481155669540799,0.05976615784850092,-0.021684148509144574,0.03712794604770869,,0.22531559194814058,,,41963000000.0,0.5444081691013511,,0.0067759703259897925,
Industrials,0.702505081,1.693220402,1.100500063,0.46897183,-0.135326595,-0.127481089,-0.034849447,0.559790944,-2.616502343,RYCEY,Public (direct listing),-0.04308998302207131,0.2052059190586557,0.058357988165680476,-0.36713547602615804,0.5295770449464056,,,,0.6123552947294248,0.1486817375136984,-0.021296544380883242,0.004184975936388366,,0.041718666428953464,,,28674000000.0,0.2711864406779661,,-0.3638858008279919,
General Retail,0.219294607,,0.185068904,-0.80686265,,-0.194395071,,,,ROST,Public (direct listing),0.12628714593039897,,0.12332617405442645,0.07703298776700129,0.4652491375505848,0.1518187182393542,0.12217804427175162,0.20571935122591478,0.42079110512094187,0.559240749650175,0.3809810972424461,0.14300929839852608,-0.057619373882232476,,,0.12041621753446952,13640256000.0,0.0,0.21952083167474543,0.026571118744626254,11.512925464970229
Travel & Leisure,-2.360584842,,0.203315236,0.666068658,,0.18225029,,,,RCL,Public (direct listing),-0.06383230696352439,4.7702349869451695,-0.08665158371040724,-0.38436912068989904,0.6772598839451411,0.11044003451251079,0.2788926959264698,0.11327831957989498,0.22958259227683042,-0.32236049139208833,-0.2297261014660149,-0.09322691408863336,-0.11252099434062335,-1.473065938988514,-1.3581489484084968,-0.5523234508245309,32258355000.0,,2.7841906819400757,-0.2469598142359488,11.350406535472452
Business Services,-0.670729367,0.573237217,1.116363563,0.862445356,0.72590933,0.852261683,,1.352721605,0.451810954,,Private / no public equity,,,,,,,,,,,,,,,,,,,,,
Industrials,0.701843697,-0.083202404,-0.086994267,-0.717513879,-0.143750549,-0.089963807,-0.660455855,0.010649637,-0.940700841,RTX,Public (direct listing),0.03271351596333971,0.04171584767347958,0.08205862182067568,0.13340343779958452,0.2601715627703217,0.042851173963305435,0.10866077257587996,0.08716635477198853,0.3840895722985407,0.02948647761264156,-0.05142437699029223,0.023939927139352186,,0.07976641610237932,,,161404000000.0,0.20533567941314962,,0.07965449197372299,12.066810578196666
Supply Chain & Logistics,0.95474484,,-0.07735029,0.390600296,,-0.216905123,,,,R,Public (direct listing),0.06022924626606461,0.25614919354838706,0.11435679319476767,0.08004427425662342,0.40903408033807936,0.0301068060274557,0.08560618004099006,-0.0006369426751592355,0.27342953388784275,0.278920251987409,0.2003644929394781,0.008792902448277929,0.01960233443780818,,,0.04547480912321672,13834323000.0,0.47382976384171455,0.14982593284852275,0.2127812441812548,10.664293381569887
Software & IT Services,1.439272235,0.467875255,0.970009653,-0.413447592,0.000670242,0.922542879,-0.577053438,0.957570707,-1.686489729,SPGI,Public (direct listing),0.052570244723553025,0.3475955164517295,0.2700116268670065,-0.2514628355060171,0.30449236293021975,0.07891432913734431,0.40915448188175463,0.10431559438707971,-0.3251001883660517,-0.4286198252644755,-0.2521749244849534,0.19163344937316765,0.00708487030423125,0.4921092575776607,0.01358684275442487,0.1129002736352448,15026000000.0,0.27379209370424595,0.11834172001122946,0.11774131678590878,10.036706396322352
Specialty Retail & Apparel,-0.198420417,,-0.723670074,-2.663395019,,-1.098670403,,,,,Private / no public equity,,,,,,,,,,,,,,,,,,,,,
Grocery Stores,-0.541656977,,-0.189154656,-0.525669597,,0.29970027,,,,ACI,Subsidiary (proxy = parent listing),0.05758987305763966,,0.033690375172145175,-0.059213342377596345,0.386448859920861,0.008113491852453128,0.00860140070335748,0.07727333173754625,-0.47300109868162055,-0.49001539708213404,-0.2141873110910657,0.028680115450755966,0.016694868250250405,0.023281192385542653,0.006287935413615322,0.05969826437776948,28123000000.0,,-0.00010397812679253421,0.3011235005235168,12.577636201962656
Software & IT Services,0.585422809,1.55418787,0.90473166,0.395940923,1.01800928,1.05006975,-0.053233661,0.327730884,1.169258879,SAIC,Public (direct listing),0.04820744865993735,,0.06978631322694076,0.30464616480424356,0.2676488986533123,0.07599924939012948,0.07941297490056233,0.015450186467767635,-0.3863217301181423,-0.3233349403631298,-0.09658325042955251,0.04068092330255093,0.004309650364561028,0.05574461464318371,0.0043057269578924634,0.174403305630252,5746000000.0,0.02575704838148277,-0.16063772042408603,0.11276603392962843,10.16585181700362
Grocery Stores,0.113780399,,0.752222058,0.548664019,,-0.022829156,,,,JSAIY,Public (direct listing),0.025156064209274673,,0.038668673691252715,-0.25739349505572007,0.3201121498282388,,,,0.3553731508624878,-0.1979822382364178,-0.20753775819380038,0.025156064209274673,,0.038668673691252715,,,26912000000.0,0.27430142687277054,,0.02308275336194306,
Specialty Retail & Apparel,1.397855648,,-1.520409823,-1.052937979,,-1.500955228,,,,,Private / no public equity,,,,,,,,,,,,,,,,,,,,,
Software & IT Services,-0.571552778,0.194285736,-0.672699822,0.030675718,-0.526595035,-0.281033848,1.260794221,-0.055217153,-0.622930915,CRM,Public (direct listing),0.015166633406505687,,0.020685489959232976,-0.449194137646299,0.473063857839428,0.07794958489392813,0.21868360223213243,0.13266863363516124,-0.545101436019522,-0.5294364762279758,-0.3241337602857234,0.028745501489173233,-0.00037073856249520754,0.024936442653959334,-0.005474446804059272,0.2589411832871528,95209000000.0,4.201283492106839e-05,-0.020370549710683007,0.0017100005727316292,11.205598352804692
General Retail,-0.344977231,,-1.19500443,-1.148815895,,-2.566751895,,,,WMT,Subsidiary (proxy = parent listing),0.05584007187780773,,0.045293441861602016,0.010681572185300414,0.27139408189696557,0.08021401222649804,0.041614217467134514,0.07331727140433197,0.1972750142181523,-0.04827823935102482,0.0037889222851357207,0.050671156584457894,0.0066855957093471955,0.04222158007685264,0.0009049987248203096,0.036426185929498534,244860000000.0,0.011447357673772768,0.001879892878222977,0.07698976449177186,14.648419680899378
Tech Giants,-1.00095024,-1.574173425,-1.643221722,-1.172020843,0.374892728,-0.252382702,0.544051119,-0.496066886,0.505356151,SSNLF,Public (direct listing),0.12204956942730162,0.08092336426600455,0.1435212745626397,-1.001865716270984,0.3566289730470488,0.14955693222988703,0.2424392227799576,0.6915920284206432,-1.315895162422028,-1.241845565305172,-1.0938293732908817,0.0919874466235451,,0.18466727389754137,,,426621158000000.0,0.04311119749949204,,-0.999615616937223,
Life Sciences & Biopharma,0.668658876,0.796162246,0.64803978,0.173205717,-0.233417162,0.404939238,-0.699702967,0.338150749,-0.852452312,SNY,Public (direct listing),0.06605798519594072,0.03537970644543709,0.26937205690195015,-0.010249451782073038,0.27620930568696384,0.059303507580723024,0.19842040799087723,0.06015462945502548,-0.3313101201239943,-0.29665855689945786,-0.211984891185106,0.05175396284160277,,0.233490746649649,,,120242000000.0,0.1864074117196986,,0.01794624685992448,11.466274012126416
Financial Services,0.070656499,-0.209144825,0.427888472,0.214853015,-0.011062012,0.175974461,,1.020491133,-0.189494432,SAN,Public (direct listing),0.0055371113285089466,0.12002644300293341,,-0.12346443172281418,0.41627952252511796,0.008754729906231065,,0.029462738301559765,0.7121738236628539,0.2913080396457628,0.07417880082584971,0.005090751863444529,,,,,1595835000000.0,0.1560430746286427,,-0.09427973978403537,
Tech Giants,1.028078862,-1.73748677,-0.180705603,0.860843918,-1.317213415,-0.598053582,-0.635897573,-1.774980487,-1.474265903,SAP,Public (direct listing),0.03165232334150972,0.0952027603606278,0.2049866187878993,-0.2338125498075978,0.3326932879834334,0.10424098154437154,0.2688393765732955,0.06013536003550435,-0.5990017011960069,-0.6212599136512059,-0.4532583693597275,0.07384719139011436,,0.23986198196861203,,,71174000000.0,0.21276027762947144,,-0.060018100609014025,11.58445511610915
Grocery Stores,-0.003636583,,0.894880313,0.939566224,,1.215517331,,,,EMLAF,Subsidiary (proxy = parent listing),0.04494503905120046,,0.039247539983555686,-0.1262693599983864,0.21854245354172244,0.011561031150556155,0.037652582159624415,0.022246664309750974,-0.18675588214050198,-0.3785299685941794,-0.13713195625088614,0.04494503905120046,,0.039247539983555686,,,16593600000.0,0.44969747372480956,,0.06078385754955862,
Industrials,0.688762154,-0.007261445,2.500187593,2.564216827,0.500988214,1.485368688,0.477744415,0.541683459,-0.810932955,SBGSY,Public (direct listing),0.0595703125,0.18235599377270373,0.162687265917603,-0.25911377697067217,0.3911573246372875,,,,0.0388872126405968,-0.019684103755409632,-0.03261178475616666,0.05873833574715383,,0.1576889811451306,,,54547000000.0,0.17872660274625551,,0.1658867709795342,
Supply Chain & Logistics,0.46523036,,1.006641211,0.89324852,,1.70747975,,,,SNDR,Public (direct listing),0.10601639572043907,0.17752776935831838,0.09090909090909091,-0.08853936697780096,0.3133677262403433,0.01987968627052821,0.028248986069476283,-0.002354116136396023,-0.02594835673891316,0.1919933407100718,0.570616406492749,0.06777794628261768,0.03140056149659901,0.06730099761800892,0.02569036219494408,0.09550658181880506,3937300000.0,,0.10921890890498201,0.08647876141090922,9.683464128558162
Financial Services,-0.195998731,0.873728795,0.780415487,0.879434361,0.567367667,0.74210977,,1.285535923,0.069059367,BNS,Public (direct listing),0.007348353141873015,0.019279914599036108,,-0.29695583603128595,0.24213214244436748,0.006503834660370817,,0.07670772676371773,0.28014952731462994,0.22269620263643808,0.10107166289866809,0.0077354707159885145,,,,0.019279914599036108,1349418000000.0,0.2303622746991666,,0.04780320978534599,7.611842399580417
General Retail,1.150380423,,1.793978949,0.987697778,,1.420015644,,,,,Private / no public equity,,,,,,,,,,,,,,,,,,,,,
Travel & Leisure,0.15939392,,-0.474292917,-1.360790765,,-0.336361229,,,,PRKS,Public (direct listing),0.1252006310122122,0.1512951128194555,0.29322328485354693,-0.20678348735136043,0.5144092562384203,0.056260567464300415,0.2069533660962184,-0.030162154250406914,-0.4815890640082263,-0.40826061222197507,-0.38239814319478393,0.005154884153267906,0.029687548045693995,-0.03998470210249113,0.06739169098815148,0.8957195024141547,2610316000.0,0.004597144560275461,0.42124710841902885,0.3017222563054948,9.341368634382588
Outsourcing & Staffing,0.069531625,,-0.6095439,-1.352950754,,-1.38389457,,,,,Private / no public equity,,,,,,,,,,,,,,,,,,,,,
Insurance,0.843670292,-0.035029652,-0.5190645,-1.06645795,0.885523228,-0.206855385,,-0.117208905,1.435521129,,Private / no public equity,,,,,,,,,,,,,,,,,,,,,
Insurance,-0.015925124,-0.877879636,-2.69961694,-0.943104618,-0.965531354,0.151761695,,-1.992556563,1.803100461,,Private / no public equity,,,,,,,,,,,,,,,,,,,,,
Outsourcing & Staffing,0.870773504,,1.960272311,-0.430619196,,2.207190318,,,,,Private / no public equity,,,,,,,,,,,,,,,,,,,,,
General Retail,-0.91696938,,-0.685213713,0.641958688,,-0.561848961,,,,,Private / no public equity,,,,,,,,,,,,,,,,,,,,,
Business Services,-0.106142743,0.285037695,-0.915735954,-0.043945915,-0.082157772,0.167570025,,-0.030534781,0.61751396,,Private / no public equity,,,,,,,,,,,,,,,,,,,,,
Software & IT Services,-0.204133236,1.346772031,0.877915137,1.904085383,0.637836343,1.564145786,1.947846859,0.757324578,-1.308934636,NOW,Public (direct listing),0.024437927663734114,0.22879918588873815,0.04899930986887509,-0.3416989624792829,0.5568233639145105,0.07456051941989625,0.13438395415472779,0.22085492227979264,-0.6231708931388802,-0.621823225901455,-0.45675261481206986,0.04632381781487838,-0.04137367724943332,0.0332542919787605,0.015708066890103057,0.30530900118878146,10798000000.0,0.008520096314132248,-0.03862255425843419,0.24607440769640573,
Business Services,-0.299845637,-0.756921052,-0.440766625,-0.963395721,0.791549395,-0.824008067,,0.160576691,-0.538994183,SGSOY,Public (direct listing),0.08256107834877843,0.03700234192037466,0.13459801264679314,-0.2678162078519839,0.27048549698125895,,,,-0.074881277573845,-0.07327214205061616,-0.005385850784339841,0.08748394462680177,,0.15253708040593286,,,7007000000.0,0.5433138290281148,,0.0009773970900138023,
Restaurants & Fast Food,-0.615764357,,-0.151624333,1.128148284,,-1.576639608,,,,SHAK,Public (direct listing),-0.01404080822778531,0.21704895167274185,-0.010459907205664497,-0.3923336566545359,0.5888265640700485,0.02221665172836408,0.05548957344859152,0.1428460133749665,-0.17991802650106448,-0.7716315498328137,-0.4363634618066733,-0.00742307444013889,-0.013207367035993265,-0.020712447799979952,-0.03231453186920889,0.1472741325723455,1457570000.0,0.16708768704075963,0.16878495531640403,-0.060261260705194365,9.179365567676752
Grocery Stores,-0.914968082,,-0.259037215,0.787753588,,-0.895901472,,,,,Private / no public equity,,,,,,,,,,,,,,,,,,,,,
Specialty Retail & Apparel,-0.406384426,,0.39324299,-0.117836634,,0.127700387,,,,SHW,Public (direct listing),0.08940869257324953,0.1105211435676825,0.13547399645129105,-0.2649193650220566,0.353913696027496,0.1001170915085546,0.16064423137181175,0.06807772772678433,-0.32267613181090593,-0.37321510305398786,-0.24145868212015686,0.08831122303565474,0.007506726242144724,0.16508787468764916,-0.0011479548169652431,0.05597703374186913,20666700000.0,0.012609657081198256,0.042386845469936325,0.15829647860368867,11.02883913839386
Software & IT Services,-0.653909884,-1.631699256,-1.980040595,-1.440233447,-0.369401224,-1.04695721,-0.464865057,-2.430589491,0.999746143,,Private / no public equity,,,,,,,,,,,,,,,,,,,,,
Internet,1.448213846,-1.265808872,0.372959284,-0.727672233,0.943009014,1.10886712,-0.155983698,0.093064245,0.701916784,TGT,Subsidiary (proxy = parent listing),0.12908141458066194,,0.08439224564879015,-0.3556777411674479,0.4853262006883292,0.0586380671533343,0.044934525320323,0.06697139981548261,0.018120461272352895,0.04077719129052548,0.3336520921930364,0.10715700451168594,,0.06711397800810041,0.00998113115970445,0.12245243782007538,53811000000.0,,0.04821553491394322,0.13517920876773273,13.017002861746503
General Retail,-0.200567014,,0.938846569,0.834691439,,1.544343973,,,,LBLCF,Subsidiary (proxy = parent listing),0.05035782630351011,0.06270453263118303,0.05914625513238001,0.12930713703522323,0.23165148241924935,0.0667780441151546,0.0704725144742576,0.04171461449942471,0.028906735209103473,-0.1553100564396197,0.023733108437064665,0.051209919702845906,,0.05523791611811172,,,36614000000.0,0.45212213907248594,,0.25534485303958937,
Grocery Stores,1.239768442,,0.106542769,-0.201288932,,0.120901585,,,,,Private / no public equity,,,,,,,,,,,,,,,,,,,,,
Industrials,0.714475994,0.998483343,1.116321962,0.17803098,0.277919472,1.01801038,-0.022320424,1.345611773,-0.813866037,SIEGY,Public (direct listing),0.024573933017385908,0.15597847908134588,0.10108784750684247,-0.18826544329286443,0.40974783907717716,0.046325375471307606,0.12599907150654338,-5.061497190872455e-05,-0.0488115159978737,-0.0066164151495793355,0.0016341988867154544,0.04420543581207129,,0.10309162450815065,,,139372000000.0,0.3494245616049135,,0.0910379207494038,
Life Sciences & Biopharma,0.460821834,1.066612653,0.754686105,0.483572285,0.207272414,0.504723008,-0.665227821,0.325231619,-0.740903957,SMMNY,Subsidiary (proxy = parent listing),,,,,,,,,,,,,,,,,,,,,
Specialty Retail & Apparel,1.074490398,,-0.261542517,0.056515225,,-0.244026928,,,,SIG,Public (direct listing),0.11709327614789129,,0.11521850242780475,-0.24750560933161425,0.6636153370248455,0.052169416882850594,0.07192041725269574,0.007784120394395355,0.2507583686416308,-0.18695125968026582,-0.22203271395093171,-0.0043369877526450405,0.07782604195273624,0.00194945764282441,0.06766525621890945,0.11044510836664363,6575100000.0,,0.2574313785199499,0.7878287777929519,7.824046010856292
Travel & Leisure,0.67831943,,0.164669098,0.337952074,,0.92902251,,,,FUN,Public (direct listing),0.1376038341658851,0.358060975072092,0.20632249778940379,-0.17085735789165246,0.37235178424691945,-0.19462094954953782,0.0811477086513828,0.11665025215656977,-0.7583210533851868,-0.5771256490315112,-0.21232583171872232,-0.020976039982360722,,0.11877727038698449,,,2313020000.0,1.0947942516709757,,-0.05987291337030979,
Specialty Retail & Apparel,0.474812335,,-0.063292229,0.161916192,,1.202735704,,,,,Private / no public equity,,,,,,,,,,,,,,,,,,,,,
Media & Entertainment,-0.495722841,-0.6942323,-0.643704215,-0.344671355,-0.077021392,-0.039156071,0.74541447,-4.154300379e-05,-0.389840563,,Private / no public equity,,,,,,,,,,,,,,,,,,,,,
Travel & Leisure,-0.131656209,,-0.441617427,-0.833897674,,2.065211683,,,,SKYW,Subsidiary (proxy = parent listing),,,,,,,,,,,,,,,,,,,,,
Business Consulting,1.20681472,-0.768880866,-0.314502465,1.587565012,-1.828534755,-0.303713579,,-1.063189006,-0.829706037,,Private / no public equity,,,,,,,,,,,,,,,,,,,,,
Life Sciences & Biopharma,0.077460283,-1.444083905,0.189179319,1.866521854,-1.015843159,0.870346257,-1.084811857,0.38303159,-0.090621038,SNN,Public (direct listing),0.022376078667469396,0.0005755947812740025,0.12157238734419942,-0.22564576699350203,0.31548591060317743,,,,-0.03399960592755846,-0.24321881970739412,-0.3124606990249169,0.04798534798534799,,0.1308518802762855,,,10920000000.0,0.3057692307692308,,-0.1662570177529544,15.424948470398377
Restaurants & Fast Food,1.787515696,,0.993144516,0.002063621,,0.791795767,,,,,Private / no public equity,,,,,,,,,,,,,,,,,,,,,
Grocery Stores,1.656004835,,1.222555518,1.200289906,,1.695528887,,,,EMLAF,Public (direct listing),0.04494503905120046,,0.039247539983555686,-0.1262693599983864,0.21854245354172244,0.011561031150556155,0.037652582159624415,0.022246664309750974,-0.18675588214050198,-0.3785299685941794,-0.13713195625088614,0.04494503905120046,,0.039247539983555686,,,16593600000.0,0.44969747372480956,,0.06078385754955862,
Financial Services,0.838043395,-0.114457151,1.476624977,0.255760238,0.738334377,0.594394673,,0.331143093,-1.011848609,SCGLY,Public (direct listing),0.0012290389925247492,-0.004193334804678872,,-0.28846112216559017,0.49066643422724104,,,,0.7120848621745224,0.21661876305844796,0.08573247767708181,0.0038542662374886666,,,,,1463573000000.0,0.10336553079347596,,0.030091680212024425,
Outsourcing & Staffing,0.135451247,,0.016035891,-0.576120057,,-0.919635464,,,,SDXAY,Public (direct listing),0.03322179732313576,0.16266926784484737,0.03735873266544934,0.0789789333001294,0.3455201425974259,,,,-0.41399051049646485,-0.34256104388611797,-0.26691186997749605,0.020270526906526018,,0.034171677556043466,,0.16266926784484737,20920000000.0,0.31835564053537285,,-0.020503432874344935,
Restaurants & Fast Food,0.26978386,,0.07627032,-0.583522197,,-0.011753709,,,,,Subsidiary of private parent,,,,,,,,,,,,,,,,,,,,,
Media & Entertainment,0.386603697,-0.32987015,0.080728828,1.186590283,0.319172468,0.237867108,1.189041825,0.408867269,-0.965408472,SONY,Subsidiary (proxy = parent listing),,,,,,,,,,,,,,,,,,,,,
Travel & Leisure,1.186717603,,0.411616248,1.173332628,,0.16053791,,,,LUV,Public (direct listing),0.01523933387995137,0.5081697276757442,0.04270597127739985,-0.2246140337081597,0.37669743600541405,0.02830907830907831,0.033963439966763605,0.12772246421904176,0.1610615666113262,0.06763547988119845,0.20383253940837176,0.008948420350788541,-0.030960227915516263,-0.06030450204908952,-0.011425544925826864,0.0742806689629627,36320000000.0,,0.552372718305485,-0.1434734521733242,10.916904995141008
Industrials,-4.274340086,0.968029109,-1.131961731,-0.212096216,0.873420208,-0.273132278,3.256846373,-0.734262564,2.693488362,,Private / no public equity,,,,,,,,,,,,,,,,,,,,,
Grocery Stores,0.297818009,,1.665962353,0.285645188,,2.190993422,,,,,Private / no public equity,,,,,,,,,,,,,,,,,,,,,
Telecommunications,-1.538583847,0.053939585,-1.529332,-1.281349439,0.902722298,-1.019046861,,-1.175451189,1.131986299,CHTR,Subsidiary (proxy = parent listing),0.03497713166762384,0.04527688556944387,0.22662989152567473,-0.4723249202367569,0.41492313679897014,0.03217369752941483,0.24136100739439198,-0.010047324353840592,-0.6563286299398621,-0.8919303549589348,-0.6146566208746727,0.022086907051831733,0.010702869912138415,0.17356433844129646,0.03069759300115421,0.06275790440470574,142491000000.0,0.021032907341516305,-0.0028510249191529705,-0.0399350172193339,11.447853468226514
Grocery Stores,-1.162089442,,-1.130694707,-1.707110807,,-0.974108063,,,,MPC,Subsidiary (proxy = parent listing),,,,,,,,,,,,,,,,,,,,,
Travel & Leisure,0.887880589,,0.310277606,-0.230508571,,-0.347438266,,,,FLYYQ,Public (direct listing),-0.06033354767357368,0.5688022223769837,-0.026067353570038317,,,,,,-1.2847204244470247,-1.2333722922834855,-1.0988107082462788,-0.019593420273466958,-0.05146708318192504,-0.05577618076966043,-0.07420359554252423,0.1287306699708578,8540025000.0,0.024379319732670574,0.5481388753029508,,9.128913373280454
Specialty Retail & Apparel,0.607617882,,0.432687211,0.197342575,,0.345048771,,,,,Private / no public equity,,,,,,,,,,,,,,,,,,,,,
Software & IT Services,0.422908917,0.377621712,0.075557631,0.165550429,-1.470600676,-0.96386435,-1.137097718,0.325394056,-0.775538406,CSCO,Subsidiary (proxy = parent listing),0.12565690091700177,0.03490706170460478,0.27105921601334443,-0.21005353435997443,0.29797290322447645,0.0971582945704942,0.23718434135580943,0.11958442292741545,0.16915807164671537,0.5464377254043873,0.6428845896127948,0.1178358909042193,0.001087673439740196,0.2696876745416643,-0.002768014328700075,-0.0015855376749442929,94002000000.0,0.005308397693666092,0.04252866956993777,0.06627048384758716,10.16585181700362
Specialty Retail & Apparel,1.474045138,,0.693527621,-0.032818071,,0.195655398,,,,CTC.TO,Public (direct listing),0.04723942757088629,0.09320468202380305,0.10535299203844901,-0.16852932389808573,0.49243939708174106,,,,-0.25732206866495555,-0.36498009349776195,-0.31997163047407795,0.05171955123794846,,0.11667618048011,,,21802200000.0,0.3251919531056499,,0.2238469171471409,
Specialty Retail & Apparel,-0.638577889,,0.835139029,0.123426219,,0.933757227,,,,FRASF,Public (direct listing),,,,,,,,,,,,,,,,,,,,,
Media & Entertainment,2.234440085,-1.707057899,-0.058397502,-0.25868364,-1.167251098,-0.917918589,-0.486757908,-0.806220893,-1.50752816,SPOT,Public (direct listing),-0.05631220534311158,0.21297062474141493,-0.056195105312526646,-0.6651219796811467,0.6661428769829449,0.1924081212142743,0.1371441611044555,0.0818615751789975,-0.37438346483225726,-0.5473928016035243,-0.4280029542122652,-0.004741980474198048,,0.009722796855606123,,,7170000000.0,0.24839609483960948,,0.050393841868576685,8.39049553837028
Grocery Stores,0.056897454,,-1.896428192,-1.049007207,,-1.76064172,,,,SFM,Public (direct listing),0.08505917834274584,0.04989516987987774,0.05767834755285692,0.11915018225144758,0.4899711808765874,0.12508785393432462,0.07643223849414231,0.04146910530862491,-0.7901322511613101,-0.726680926907716,-0.3672877522498589,0.0803010517353652,0.011555691886358955,0.05129640945797484,0.0061961737702310995,0.04548400074395936,2923115000.0,0.08552520171118824,,0.21189691513175823,10.341742483467284
Software & IT Services,0.859622444,-1.436027655,-0.215832544,-1.248719092,0.495144714,-0.899918824,-0.060208471,-0.270092741,0.594888465,SSNC,Public (direct listing),0.039043312736814925,0.04593149871312607,0.21633541548362673,-0.3717120322182338,0.3049182499361365,0.04074805377736974,0.2305866924782215,0.0879846753418323,-0.3719019604804743,-0.4180248780667962,-0.36652500127577325,0.03720341134761132,0.009980855890483913,0.2181697724463004,0.024290159815580515,0.04481291514583674,17333000000.0,0.002734667974384123,0.01918841766366759,-0.0010844843541096456,10.1226230824528
Industrials,0.408876528,-1.28119687,0.262725598,0.205028788,-1.216304958,-0.368947795,0.040081795,-0.211600202,1.001930018,SWK,Public (direct listing),0.042562481723169614,0.10902868211474148,0.053937477135135775,-0.5982624156885534,0.43678937128952006,0.017044436789528074,0.08094694134793398,0.02718581423917099,-0.10293868376090387,-0.06945561624703478,-0.03472246425426695,0.05290112031593142,0.0042927659062020175,0.14388966490052593,,0.040441125574513515,28180000000.0,4.61320085166785e-05,0.07343190951194278,-0.12324847088080526,11.174651606402389
Specialty Retail & Apparel,0.961712787,,0.773116133,0.333539086,,0.915647021,,,,,Private / no public equity,,,,,,,,,,,,,,,,,,,,,
Restaurants & Fast Food,-0.410363852,,0.420655259,-0.965456121,,-1.471299144,,,,SBUX,Public (direct listing),0.11729048122837618,0.10976029400631782,0.1373537610502848,-0.07525911567411092,0.35743206127285976,0.046575173971835984,0.0927463375580948,0.08787207815924036,-0.15578288874842539,-0.16412889666418962,0.05969720374883525,0.11748176989455741,-0.010776509711860303,0.13276923196373272,0.006930816270182257,0.07753962605081328,27978400000.0,0.06251250965030167,0.11128825606963966,0.0818955890612743,12.904207367601158
Insurance,-1.048059719,0.918154773,0.039637718,-0.791373165,0.786465331,0.082418527,,0.458770002,0.85982121,,Private / no public equity,,,,,,,,,,,,,,,,,,,,,
Financial Services,-0.052625654,0.088447188,0.250854939,-0.926428464,0.479110775,0.035524933,,-0.021040736,-0.272552197,STT,Public (direct listing),0.0092021894178139,0.008148332917601975,,-0.199144506115852,0.40360768697286753,0.008140775657885563,,0.1559074299634593,0.41879068658507523,0.24883389137860146,0.25267313616057896,0.008459144295032245,-0.000284434755159021,,,0.011588436376012312,314624000000.0,,0.00728451646718619,0.03400705542431185,7.604396348796338
Industrials,-0.596283113,-0.353341001,-0.407400403,-0.951440857,0.48306299,-0.722827453,-0.823027281,-0.067424661,1.141016862,STLA,Public (direct listing),0.09024151786673543,0.2019354968243663,0.11739943872778298,-0.2566515185957573,0.4590571997103735,,,,-0.4293281002038146,-0.4555444047826853,-0.31048358969735657,0.08267061001595194,,0.10613777364324484,,,171766000000.0,0.19551017081378155,,0.06559156063275957,11.923756152576804
Internet,1.814351045,-0.252151094,-0.428165012,0.138108961,-0.712382968,-0.123375733,-0.629033911,-0.774166487,0.730175042,SFIX,Public (direct listing),-0.27091107666751685,-0.039716208100100014,-0.09142116875573643,-0.8444059458006429,1.0123344835180068,-0.03775798508207034,-0.02137718288926444,0.04695461146528168,-0.152193146850077,-0.3164696508120687,-0.27838099651692316,-0.07727774850255682,-0.09159352619047327,-0.0364528329047379,-0.03457568339865593,0.09969217029559226,764535000.0,,-0.04929497250266776,-0.05296608804545966,8.140315540159985
Internet,0.009464815,0.893274714,-1.462582835,0.389918772,1.136957325,-0.011054319,-0.330361114,-0.731211506,0.616767287,YELP,Public (direct listing),0.035777352985760714,0.15667851283000545,0.04889208768116792,-0.26459142927208723,0.4706042107912411,0.14099423238161923,0.12423307659083384,0.008152643821785377,-0.5640332937207779,-0.5880865080906242,-0.4135545795914277,0.019708797038967576,-0.0002093240265020331,0.007037823231613738,-0.002236212348208378,0.0213764387006109,1050528000.0,,0.14798125784668065,-0.03445374882960509,
Grocery Stores,0.8478597,,0.136831115,-1.503685243,,-0.496716322,,,,ADRNY,Subsidiary (proxy = parent listing),,,,,,,,,,,,,,,,,,,,,
Financial Services,-1.93322179,-0.098078135,-1.530351834,-1.104833486,-1.996483317,-0.974315145,,-0.008420201,-0.041395248,,Private / no public equity,,,,,,,,,,,,,,,,,,,,,
Life Sciences & Biopharma,-1.2696744,0.960148264,-0.403156381,0.293342524,0.912583639,0.641338681,0.034470002,0.871432755,1.186487835,SYK,Public (direct listing),0.06393015941871814,0.07838438157587091,0.1686270258550599,-0.08969478494513916,0.3146824799457925,0.07118060184617353,0.20273051048674318,0.026252983293556076,-0.3472758252366609,-0.4616128689181368,-0.2961104635699453,0.057734922849117465,-0.00573524531408375,0.16273960538251483,-0.015617910453573905,0.07815089094169925,34631000000.0,,0.057097323816680895,0.07705865158152798,7.611347717403621
Restaurants & Fast Food,0.791940679,,1.255070534,-0.387292707,,0.964651848,,,,,Private / no public equity,,,,,,,,,,,,,,,,,,,,,
Insurance,1.324193757,1.048430672,1.339200209,1.494644646,1.091774582,0.758756555,,0.897580188,-0.730350952,SLF,Public (direct listing),0.009344639193097823,-0.9039226674138414,,-0.13563484768082457,0.2410458429494995,0.008367437657168478,,-0.22720056447345216,-0.10904720770284126,-0.1333942589954522,0.0788704454312048,0.012516325642141925,,,,,349144000000.0,0.018974978805306693,,0.06126614539070955,
Business Services,-0.957332561,-0.955576307,-1.703730136,-0.077333239,-0.609062373,-1.772587625,,-1.199789871,-0.173014879,ASHTY,Public (direct listing),,,,,,,,,,,,,,,,,,,,,
Specialty Retail & Apparel,0.735969134,,0.535061027,-0.046061765,,0.470589307,,,,LXOTY,Subsidiary (proxy = parent listing),,,,,,,,,,,,,,,,,,,,,
General Retail,-1.629622386,,-0.55783196,0.874041003,,-0.427048734,,,,,Private / no public equity,,,,,,,,,,,,,,,,,,,,,
Business Services,-0.087044218,0.915228744,-0.363723226,-0.377233757,-0.122767845,0.533266752,,0.490331525,-0.027154969,,Private / no public equity,,,,,,,,,,,,,,,,,,,,,
Outsourcing & Staffing,-1.537897037,,-0.295226672,-1.106095018,,-1.711708892,,,,,Private / no public equity,,,,,,,,,,,,,,,,,,,,,
Life Sciences & Biopharma,1.278087739,-1.211795673,0.609342777,0.122062439,0.566430266,1.416236946,-0.444259332,0.918986498,1.438570215,,Private / no public equity,,,,,,,,,,,,,,,,,,,,,
Telecommunications,-0.611497881,0.345044598,-0.237225129,-0.211431372,0.149573447,-0.714177472,,-0.076621239,1.303567414,TMUS,Public (direct listing),0.01225524988407196,-0.006827429541426344,0.10188385215719295,0.24981046354406145,0.29332861254957193,0.048825612722538485,0.2016348171876726,0.1063391745666955,-0.48615120413242996,-0.4452447338895259,-0.3220590085723448,0.023281833591917028,-0.012629348488700376,0.10340204075684127,-0.020569045630357975,0.3456840270774709,206563000000.0,0.016353364348891137,-0.26341415923493167,0.2717018897573441,
Financial Services,-0.111161024,0.002540154,-0.43368841,1.197115374,0.321177106,-0.019356402,,-0.180961048,-1.132706736,TROW,Public (direct listing),0.13380227255159619,-0.15426426308997776,0.38468651747734417,-0.39604190058421984,0.42339220320481696,0.14495030048056132,0.3456985110490152,0.05278076988491409,-0.15275294472843925,-0.13477815754273825,-0.07578452450458895,0.23249351139126528,0.009014595232663484,0.4502838651460952,0.029345541023415092,0.170437660909168,12509000000.0,,-0.12953605471916763,0.07123473846373647,8.926517509850122
Specialty Retail & Apparel,0.00839894,,0.516761706,1.132121949,,0.479391948,,,,TJX,Subsidiary (proxy = parent listing),0.11535083096166684,,0.09794026776519052,0.07529689413858454,0.3309426224668358,0.16543093472763898,0.12256430241621201,0.09244146136831666,0.05383677374716056,0.015165887768267439,-0.05634618601384456,0.11535083096166684,,0.09794026776519052,,,28461000000.0,0.43947858472998136,,0.11223350651946669,12.736700896592344
Restaurants & Fast Food,0.349314534,,0.262612336,-0.243342723,,0.340649047,,,,YUM,Subsidiary (proxy = parent listing),,,,,,,,,,,,,,,,,,,,,
Life Sciences & Biopharma,-0.183930124,-0.248541633,1.340996262,0.408678739,-0.510641546,0.309549458,-0.448030183,-0.655509151,-0.427185144,TAK,Public (direct listing),0.017457784622846927,,0.152995820124707,0.10532426228591896,0.20387481620976283,-0.010262796519114525,0.10308030681001039,0.03905642591268843,-0.013377849675348719,-0.19797982669858438,-0.05551639437831635,0.017457784622846927,,0.152995820124707,,,13178018000000.0,0.32974693159472085,,-0.06581586936680117,
General Retail,0.179067568,,0.409214505,0.358225585,,-0.530651631,,,,TGT,Public (direct listing),0.12908141458066194,,0.08439224564879015,-0.3556777411674479,0.4853262006883292,0.0586380671533343,0.044934525320323,0.06697139981548261,0.018120461272352895,0.04077719129052548,0.3336520921930364,0.10715700451168594,,0.06711397800810041,0.00998113115970445,0.12245243782007538,53811000000.0,,0.04821553491394322,0.13517920876773273,13.017002861746503
Software & IT Services,-0.236635513,0.021853586,0.230282873,-1.073584339,1.165277274,0.173633338,-0.350404295,0.845098392,0.960845046,,Private / no public equity,,,,,,,,,,,,,,,,,,,,,
Financial Services,-0.561176359,1.116114636,1.059225382,0.644621157,0.84878879,0.685536638,,0.824941194,0.493749604,TD,Public (direct listing),0.009089306648977225,0.08271423839492731,,-0.15185966540195672,0.2439288397927616,0.007173329359376223,,0.059717408691015716,0.4331593834402194,0.32451071351907856,0.28487866730346,0.008271089020936302,,,,,1728672000000.0,0.14853251513300383,,0.11016786491877521,
Software & IT Services,-0.658433499,-0.624085884,-0.957084937,-1.515730997,0.838796732,-0.106106388,-0.195625618,0.489043654,1.077942823,,Private / no public equity,,,,,,,,,,,,,,,,,,,,,
Outsourcing & Staffing,-0.803073131,,0.108838309,0.442526892,,0.731628907,,,,,Private / no public equity,,,,,,,,,,,,,,,,,,,,,
Business Services,0.25681413,0.283176881,0.553501822,0.022305731,1.12439459,0.851823104,,0.589587845,1.093197733,,Private / no public equity,,,,,,,,,,,,,,,,,,,,,
Telecommunications,1.026226409,0.143258774,0.591619318,0.499701632,-0.036555665,0.918775283,,0.556950122,0.310536003,TU,Public (direct listing),0.029869241154820692,0.08635229837272829,0.1552591296741745,-0.12852526701968137,0.21573773402061922,0.015599391489254407,0.12324654230447409,-0.005779194898365869,-0.37588415176385037,-0.4477788171845034,-0.32727966753224136,0.03449138236458746,,0.15809478560399098,,,47983000000.0,0.43694641852322696,,0.05484908019758391,
Software & IT Services,0.721705753,-1.313316868,0.070642352,-0.765468031,0.797156976,0.498630725,-0.092899868,0.556972001,1.905019246,TIXT,Subsidiary (proxy = parent listing),,,,,,,,,,,,,,,,,,,,,
Grocery Stores,0.091869922,,1.244314458,0.747424986,,0.542478481,,,,TSCDY,Public (direct listing),0.03014022020066345,,0.043182707355242565,-0.2947868895414718,0.2836180762300931,,,,0.26939385911323876,-0.18060701507956067,-0.12430195255368881,0.03014022020066345,,0.043182707355242565,,,49137000000.0,0.31253434275596803,,-0.0928441186996782,
Industrials,-2.722907002,0.515748475,-1.148277739,-1.268132119,0.552949335,-0.63324964,2.792350578,0.718074864,2.642723756,TSLA,Public (direct listing),0.15282129757827492,0.5135165263920629,0.16979696054602145,-0.6606442807276709,0.6592317818937954,0.028405831212580356,0.05411783937310353,0.15784846133953967,0.22909608585417218,0.21283731713486342,-0.18980135404772636,0.08890891825336789,,0.12069189751593185,,,62131000000.0,0.14281115707134925,,2.3188710181162793,11.50580014002764
Tech Giants,-0.577194635,1.816362511,0.814533252,0.859591254,0.974065494,-0.160360934,-0.58855528,1.690486861,0.365437186,TXN,Public (direct listing),0.321571654353659,0.09180113388573918,0.5191232274815258,-0.0884656308242131,0.32093792186076947,0.15454054637728107,0.3601800629135481,0.18579503563529132,-0.011228934758912956,0.2568808540065646,0.5912947391313197,0.29413881790371343,0.018198276120951037,0.43130746407447235,0.04527139434700929,0.1369691929802317,24676000000.0,0.02026260333927703,0.04318903249246023,0.12816707808234676,7.611347717403621
Restaurants & Fast Food,0.339059667,,-1.566529301,0.458897809,,0.079228579,,,,TXRH,Public (direct listing),0.1068304783096729,0.15905935023236495,0.0801503093835766,0.07455197259174096,0.4202871280714004,0.12174182335439504,0.0822563453714654,0.12815131855257622,-0.2476319224642456,-0.26997847271545483,-0.019561436502974372,0.06634718326936134,0.004851016346588936,0.057555147809998264,0.004434461062867881,0.15726763599112303,2511952000.0,,0.14448229221463738,0.21724018190148722,11.202315887874745
Industrials,0.132685762,-0.281802284,-0.072694147,1.238867823,0.196998602,0.437086047,-0.268993637,0.332165124,0.69171709,TXT,Public (direct listing),0.05284477996685693,0.0393312873526086,0.06861449996114695,-0.08290810702128282,0.33534572985261935,0.052822825794958075,0.06768501448511983,0.11766485178463393,0.12610810890048452,-0.1024625895846174,-0.06093204844386313,0.047134643331016614,,0.06977871103214343,,,15827000000.0,0.2380109938712327,,0.22000534209437025,10.404262840448617
Industrials,0.702925783,-1.100980137,0.339429373,0.650447642,-0.014431062,-0.05137058,-0.220232805,0.468772258,-2.004330485,THLLY,Public (direct listing),0.03255618018332099,0.0850296442687748,0.08212854605892264,0.479916634809439,0.3340354664624183,,,,-0.0643335042142632,-0.2178884995322341,-0.2238666994754831,0.0331597380843612,,0.07629076086956521,,,32835000000.0,0.1803380539058931,,0.12512045584480205,
Restaurants & Fast Food,-0.060988979,,-0.723811644,0.853766401,,-0.363030623,,,,CAKE,Subsidiary (proxy = parent listing),,,,,,,,,,,,,,,,,,,,,
Specialty Retail & Apparel,-0.003304132,,-0.02245705,-1.018342991,,-0.05670193,,,,PLCE,Public (direct listing),0.18041273880438763,,0.1447004329203222,-0.5174850772121165,0.6893153814220034,-0.1448305590578754,-0.06199182692714458,-0.11109963861641714,-0.7912602798659903,-0.2597308780202333,-0.47689203213262976,0.03978148332305853,0.05918377496529855,0.02137517316182989,0.046202094979361986,0.03594549605751224,1037460000.0,0.04789100302662271,,-0.039150833950497156,9.38429367909962
Grocery Stores,-0.200380024,,-1.412235566,-0.6585765,,-1.41627763,,,,,Private / no public equity,,,,,,,,,,,,,,,,,,,,,
Insurance,-1.653089329,0.333627884,1.393425652,-0.162218582,-0.07043336,0.254329851,,-0.942678988,0.097513226,HIG,Public (direct listing),0.024915077799693184,0.0094692595500947,,0.08717295363652444,0.25885304183717595,0.04765466207952416,,0.0561216954659578,-0.05580251156951155,-0.2194515098376344,-0.17338254308392054,0.027921147646906754,0.0007207302304236143,,,0.06116871962460191,76578000000.0,0.06456162344276424,-0.03085693429864091,0.13539677890213922,
Media & Entertainment,-0.006068745,0.12030841,0.197481805,2.041594348,0.742194912,0.699997454,0.604035454,-0.889348853,-0.251801571,,Private / no public equity,,,,,,,,,,,,,,,,,,,,,
Specialty Retail & Apparel,0.479170129,,-2.39734715,-2.300048254,,-1.388790802,,,,REAL,Public (direct listing),-0.3190901840520693,0.29036417129221803,-0.3119621934305783,-0.8998408494640725,1.22365246215362,-0.17282031591351438,-0.018597228892484295,0.18547424593677553,0.40743084150439834,0.7071821373115614,-0.23226935144321492,-0.27017423087515496,-0.052775880528751304,-0.44837531855729834,-0.07502020083913255,0.2511822590595681,754944000.0,,0.17361902851751193,-0.41542130874670596,8.118207049405783
Life Sciences & Biopharma,-0.321063981,-0.139389083,-0.226846555,-0.603478592,0.490132674,-0.110067128,-0.218262093,-0.062060611,0.204426564,TMO,Public (direct listing),0.07153591205714639,0.1454693835913392,0.1894022041634198,-0.1255687882343932,0.3208783196630792,0.06401884666981401,0.18158686609434463,0.061848707062910124,-0.19005866645396519,-0.06472777237936733,-0.2086824075851761,0.07897846640988312,0.00894982767709659,0.2258398803175722,0.037941969877000124,0.23921300173380844,95123000000.0,0.3644754686038077,-0.0579520202863989,0.2344623177729022,
Financial Services,0.476099324,-1.182971215,0.275873857,-0.35454498,-1.941514343,-1.504153898,,-0.514999475,-1.522021242,,Private / no public equity,,,,,,,,,,,,,,,,,,,,,
Specialty Retail & Apparel,-0.847218838,,-2.856307474,-0.672789154,,-0.899581532,,,,LVMUY,Subsidiary (proxy = parent listing),,,,,,,,,,,,,,,,,,,,,
Specialty Retail & Apparel,0.354525293,,-0.087823453,-0.683216678,,0.050646413,,,,TLYS,Public (direct listing),0.12727035020195196,,0.11292468421826132,-0.42480039135921965,0.5269642983227626,-0.010082999545133666,-0.008321476383057762,0.15897073719229438,0.7026540408653541,1.4998300463700427,1.058759992661657,0.12727035020195196,,0.11292468421826132,,,504823000.0,0.4892843630341724,,0.17770012201776594,7.27931883541462
Restaurants & Fast Food,0.261336466,,0.385532166,0.655163233,,0.717510264,,,,QSR,Subsidiary (proxy = parent listing),,,,,,,,,,,,,,,,,,,,,
Specialty Retail & Apparel,1.26703519,,0.421963778,0.358751021,,0.539412227,,,,TJX,Subsidiary (proxy = parent listing),0.11535083096166684,,0.09794026776519052,0.07529689413858454,0.3309426224668358,0.16543093472763898,0.12256430241621201,0.09244146136831666,0.05383677374716056,0.015165887768267439,-0.05634618601384456,0.11535083096166684,,0.09794026776519052,,,28461000000.0,0.43947858472998136,,0.11223350651946669,12.736700896592344
General Retail,1.336078021,,-0.635516226,1.577048899,,0.397768912,,,,TJX,Public (direct listing),0.11535083096166684,,0.09794026776519052,0.07529689413858454,0.3309426224668358,0.16543093472763898,0.12256430241621201,0.09244146136831666,0.05383677374716056,0.015165887768267439,-0.05634618601384456,0.11535083096166684,,0.09794026776519052,,,28461000000.0,0.43947858472998136,,0.11223350651946669,12.736700896592344
Specialty Retail & Apparel,0.66797285,,0.787697019,2.495990121,,1.737706038,,,,TJX,Subsidiary (proxy = parent listing),0.11535083096166684,,0.09794026776519052,0.07529689413858454,0.3309426224668358,0.16543093472763898,0.12256430241621201,0.09244146136831666,0.05383677374716056,0.015165887768267439,-0.05634618601384456,0.11535083096166684,,0.09794026776519052,,,28461000000.0,0.43947858472998136,,0.11223350651946669,12.736700896592344
Financial Services,-0.350729423,0.122664363,0.083318242,0.984011445,-1.753429651,0.553839648,,-1.598794315,0.365285325,TOST,Public (direct listing),-0.15616127200454288,0.6017595307917889,-0.1406078359575247,-0.4008953194534517,0.8125611956521893,0.13759706103364783,0.05646912814148309,0.2191473448017951,-0.45436177081114215,-0.6314394756783828,-0.4071045661614757,-0.3001396357586381,,-0.24044659812142646,0.09328820585185726,0.6546414639271326,1735000000.0,,0.18208277291464822,-0.449430704440124,
Specialty Retail & Apparel,0.312915461,,0.619088955,1.029709768,,0.986906445,,,,PVH,Subsidiary (proxy = parent listing),,,,,,,,,,,,,,,,,,,,,
Travel & Leisure,-0.406568184,,-1.99640421,0.190259699,,-2.653575754,,,,MODG,Public (direct listing),,,,,,,,,,,,,,,,,,,,,
Grocery Stores,-2.305728747,,-1.983756148,-0.952394721,,-0.563744341,,,,,Private / no public equity,,,,,,,,,,,,,,,,,,,,,
Industrials,-1.551560121,0.89274128,0.060812713,-0.105055428,1.042003038,0.273420026,-0.251192656,0.221442747,0.707794438,TM,Public (direct listing),0.04210609762733024,,0.09546663687227464,-0.29476752872746637,0.2733826325085335,0.03858613193632766,0.07430639373990135,0.018942407842526432,-0.02550773708196008,-0.12904437108011302,-0.1480847614847668,0.04210609762733024,,0.09546663687227464,,,67688771000000.0,0.3914439072915063,,0.0388942182634352,12.828842961612256
Specialty Retail & Apparel,0.824065973,,-0.410544866,-0.586812592,,-0.765370328,,,,TSCO,Public (direct listing),0.12823478001740873,0.11574894716523043,0.10101876721655208,-0.0335069715240639,0.35829199266418066,0.09822513699555539,0.09276440064849574,0.03608183787949759,-0.4132873322788533,-0.6411791366631043,-0.5648301250691389,0.11364628810263959,0.011025366349100828,0.09516520311026883,0.006825209665729976,0.23517521208960424,7767467000.0,0.019311314743918447,-0.0779277139594123,0.4090369747967415,9.998797732340453
Grocery Stores,1.008482374,,-0.435092185,1.09852611,,0.872037074,,,,,Private / no public equity,,,,,,,,,,,,,,,,,,,,,
Industrials,0.397225506,0.409614815,0.473045175,0.471701466,0.473594456,0.639624438,-0.034363096,0.650086146,0.40688672,TT,Public (direct listing),0.09714295195115477,0.13124274921479295,0.1512597159776634,-0.10801384210085774,0.30517865736077016,0.13395455039184284,0.18167089451367416,0.05991255198890899,0.043497203015610886,-0.1920284054400243,-0.07486664506981677,0.06491691070109416,0.004982841330676329,0.12924906397522654,0.010788369904946263,-0.05732090740784862,18059800000.0,0.26811481854727076,0.19045494791647288,0.23945937452984978,10.51867319162636
Business Services,-0.731278185,-0.996109964,-0.70401844,-0.235455979,0.078049583,-0.850582047,,-0.368153729,0.987438139,,Private / no public equity,,,,,,,,,,,,,,,,,,,,,
Software & IT Services,0.631085153,-0.568006893,-0.394798463,-0.547943471,-0.167922346,-0.375926023,-2.266405437,-0.352152257,-1.599988567,TRU,Public (direct listing),0.022826431687853047,0.25325991487061694,0.1688455214426265,-0.5021414661352925,0.4166362274638349,0.06208320206562137,0.18090643646058144,0.136898786164096,-0.3295206826896765,-0.435411119573787,-0.26410134837517907,0.06849664927500358,0.030506931928174226,0.2188942013959294,-0.005014481098500176,0.05622433451559383,12635000000.0,0.5038306292045904,0.11524107900454347,-0.045572024926410735,9.230142999272362
Insurance,-0.643163384,0.459932076,1.339417138,2.249572989,1.115459469,1.526628863,,0.497945234,-0.888368113,TRV,Public (direct listing),0.024559917730324843,0.059742647058823595,,0.1905380472103717,0.22821710405534051,0.053495799974673214,,0.009652836579170154,-0.03936433540024664,-0.13037659940499502,-0.07742814959201727,0.025768815853243365,0.0032943312335138907,,,0.050656113588610996,120466000000.0,,0.023366067277162395,0.1525452976006303,
Restaurants & Fast Food,1.373943699,,0.086588022,-1.327796132,,-0.79522821,,,,,Private / no public equity,,,,,,,,,,,,,,,,,,,,,
Outsourcing & Staffing,-0.774072146,,-0.368458288,-0.696063376,,0.138641194,,,,,Private / no public equity,,,,,,,,,,,,,,,,,,,,,
Financial Services,-0.473876828,-0.220880515,-0.666054685,-1.622362784,-0.87801058,-1.63531577,,-1.168223754,0.68904839,TFC,Public (direct listing),0.011274099287714653,-0.10418909221384998,,-0.3081689675652919,0.32260885322536764,0.010121797621734669,,0.05164319248826299,0.09008841743654417,-0.096244477188695,-0.04585846707713537,0.0118985812235215,,,,,541241000000.0,0.07104413745447961,,-0.03165668716947545,7.61085279039525
Software & IT Services,0.612794085,-1.226501305,0.012739367,-0.718449987,-4.199693865,-2.777797841,1.058252297,-0.130027787,-0.178053462,TWLO,Public (direct listing),-0.09997728485397997,0.3464242696366684,-0.2694363593645175,-0.8056018973655074,0.8687225719618084,0.010687281013981951,0.048902570966398475,0.1999585487985549,0.24775250179362507,0.3898385405282072,0.7179960855793128,-0.061481826555636554,-0.006729600863417781,-0.3093032405492857,0.0018872174517682464,0.583003493589926,12998598000.0,0.07584717982662438,-0.10326459259930162,0.41844835437907646,8.970432074329242
Software & IT Services,0.684563586,0.21959792,0.385723668,0.926868334,0.193919698,1.056552297,-1.124733051,0.471903021,0.173206695,TYL,Public (direct listing),0.03503848708147792,0.16197896484741747,0.11579750124851097,-0.35793077478251856,0.4157344634109742,0.05923477664917455,0.15471012879524237,0.0855290048039068,-0.6847803997396714,-0.7056485676352351,-0.5129099462423404,0.05856634964404581,-0.016369368439493857,0.13743130543931534,-0.01521060417249298,0.2268820084393407,4732161000.0,0.006339598335728645,0.06707414342713854,0.09575345461813223,8.824677891164198
Consumer Products,-0.375127042,-0.699333918,-1.045622962,-0.981867769,0.020427703,-0.924896924,,-0.829277621,1.027309529,TSN,Public (direct listing),0.08793894788300155,0.1324789049714128,0.08276716339476746,-0.3029655988350639,0.2718545388437316,0.012556650451124694,0.0268892478908634,0.0442863698944469,-0.16739397515981236,-0.14453918328708815,0.0010290549080298472,0.08391858767798617,,0.09343450445280452,,,36309000000.0,0.25745682888540034,,-0.044633634572859626,11.8635823365834
Media & Entertainment,1.81852334,-1.627473007,-0.547202872,0.1095079,-0.253240316,-0.737481772,-2.40233608,-1.90855582,-1.245691156,UBSFY,Public (direct listing),0.015950153250524277,,0.16003199698851872,-0.422106641746293,0.5632194171960945,,,,-0.8842850430941099,-0.6373096769411589,-0.5885008369246425,0.015950153250524277,,0.16003199698851872,,,4959200000.0,0.4174463623165027,,-0.182250413917872,
Financial Services,0.084412041,0.169864523,0.90876937,0.4355899,0.612315003,0.51031725,,0.862747163,-0.682443404,UBS,Public (direct listing),0.00690804843330641,-0.051028266636241715,,0.004483036141576857,0.3908844411847009,0.005519066209115996,,0.14921138279228918,0.21116127218536263,0.19373517364254056,0.05653326999585673,0.006674830063499054,,,,,1117182000000.0,0.1957988940029467,,0.16753379756506823,3.912023005428146
Software & IT Services,-0.34056181,-1.092484413,-0.297997806,0.184034582,-0.940335768,-0.89037186,-0.40926895,-1.694351655,0.021479812,,Private / no public equity,,,,,,,,,,,,,,,,,,,,,
Specialty Retail & Apparel,-1.209235343,,-0.922729712,-0.492689389,,-1.126189015,,,,ULTA,Public (direct listing),0.20691825734266733,,0.15143387894340896,0.15269327804261645,0.3685293156815339,0.1726949660134103,0.12575456531985763,0.11076171013075209,0.250477866371968,-0.16157329231303486,-0.22315234003868456,0.14824330015404313,-0.01089473931775488,0.10944671358428687,-0.0013790404733339853,0.11199032358937899,4764379000.0,,0.15074663004028513,0.24100153047699066,10.60905725309463
Specialty Retail & Apparel,1.085310524,,0.881619199,2.092244012,,0.50303549,,,,UAA,Public (direct listing),0.07213613185569728,,0.09269132603238939,-0.5179153034514207,0.6423196386168806,-0.10539795493394964,-0.00712653306137078,-0.00798080270510415,-0.24405760175395308,-0.40843968075152803,0.028713548429807112,-0.006002483808639857,0.02655651330228428,-0.0021922452636893622,0.020304934105783292,0.05984401958898178,4991396000.0,0.0,,-0.1706645656019042,13.304684934198283
Outsourcing & Staffing,-0.106190185,,-0.329920563,-0.245956933,,-0.01247739,,,,UNF,Public (direct listing),0.04258862952291048,0.09561081493098289,0.06714790221219079,-0.038765951205800064,0.2739240381062644,0.0488867017849521,0.06847781007092613,0.033685420088040985,0.2532016425136092,0.16512366031872583,0.46315778536032837,0.0638225038775585,-0.013300191131227152,0.09958564761825499,-0.01717419795080521,0.03498438044293769,2427972000.0,,0.049247064699817274,-0.009523086002783695,9.546812608597396
Consumer Products,1.048976285,0.383283689,0.764225657,0.288286805,-0.640455371,0.098240095,,-0.048520805,-0.726966424,UL,Public (direct listing),0.09819971472995721,0.14546945313095883,0.16191966440830324,-0.019948555454725625,0.3056553911515743,,,,-0.43741271530303527,-0.39253187729815453,-0.26361936542150133,0.08055130168453292,,0.18373884524445122,,,75095000000.0,0.3951261735135495,,-0.006140215780104523,9.013838751608397
Supply Chain & Logistics,-2.448288335,,-2.783850747,-2.74229669,,-1.709913851,,,,UNP,Public (direct listing),0.10692294763861938,0.14084571638231513,0.3986733668341709,-0.1500194329101472,0.26269589160722423,0.10432267278939851,0.40214574898785427,0.03152480504396871,-0.12363732702163754,-0.09613759952462009,-0.0011257915080802317,0.09479393703105692,0.0033550278409444243,0.40779439463836,0.017110882530616447,0.00803565280816182,63525000000.0,0.46798898071625344,0.12051959672073558,0.09545175547193707,13.997832114758229
Specialty Retail & Apparel,-2.516834985,,-0.646509364,-0.644449761,,-1.181124959,,,,FRCOY,Public (direct listing),0.0858528369896996,0.07882354926788282,0.12874806290148894,0.12344003614860655,0.3029089100471838,,,,0.09120032296648573,0.34915590688386766,0.5471052551140139,0.0767610049610152,,0.12261405297918901,,0.07882354926788282,3183762000000.0,0.15099275636809537,,0.07177579973071353,
Travel & Leisure,0.143815599,,-0.161190314,-0.816521596,,-0.331100785,,,,UAL,Public (direct listing),0.010941536268891595,0.8249167816838516,0.05509954398843288,-0.17616428522221894,0.5484340556746659,0.047158734498898236,0.08396593070371289,0.10566151983045713,0.25242104945698873,0.19773736459152413,0.09413644712751768,-0.030108602472501928,-0.04300078837976306,-0.11873172747697287,-0.07045588620390057,-0.02037334378213651,68175000000.0,0.044033736707004036,0.7349808717129878,-0.2125510630297954,11.33976184596104
Financial Services,-2.852854208,-0.059276954,-2.804813279,-1.532795019,0.79282762,-1.232908291,,-2.521917942,1.649867526,,Private / no public equity,,,,,,,,,,,,,,,,,,,,,
Insurance,1.273627135,0.201902231,0.085279181,-0.467846221,-0.024648458,0.369292521,,0.219252255,0.413920972,UNH,Public (direct listing),0.08188681549012027,0.12713971286209524,0.08771848643579445,0.12096331675670857,0.2439490899316706,0.03866244752489232,0.041882267134817096,0.01958475929728487,-0.7732600125099093,-0.04584152096402949,-0.030493602738363546,0.07970413543763803,0.0009343088173318547,0.08392262881650923,0.001027442091104305,0.09016341876253442,212206000000.0,0.01705889560144388,0.03262686537160338,0.248213827031481,15.03928598958639
Insurance,0.435841504,-0.429425524,-0.959209391,-0.353380331,0.404991019,0.482559528,,0.002899764,0.370974146,UNH,Public (direct listing),0.08188681549012027,0.12713971286209524,0.08771848643579445,0.12096331675670857,0.2439490899316706,0.03866244752489232,0.041882267134817096,0.01958475929728487,-0.7732600125099093,-0.04584152096402949,-0.030493602738363546,0.07970413543763803,0.0009343088173318547,0.08392262881650923,0.001027442091104305,0.09016341876253442,212206000000.0,0.01705889560144388,0.03262686537160338,0.248213827031481,15.03928598958639
Media & Entertainment,1.499406991,-1.842114965,-0.57872964,-1.121342997,-3.691855238,-3.629909352,0.333904323,-2.75941527,-0.300244036,U,Public (direct listing),-0.11757260193885997,0.25258120926479877,-0.6342183887553342,-0.7816597331371072,1.0797099769951637,-0.10018709509950234,-0.3653523921854962,0.1683632183908046,0.0022638689792406907,0.032688215847999746,-0.34272303644790647,-0.14320523124343784,0.05195325008079756,-0.37087336976992796,-0.10032506499308917,0.43171654828862316,4841346000.0,,-0.08658770921883915,0.14799744074962326,8.565030520830398
Travel & Leisure,0.597473656,,0.385102038,1.163378275,,-0.432360639,,,,CMCSA,Subsidiary (proxy = parent listing),,,,,,,,,,,,,,,,,,,,,
Insurance,-0.94539558,0.271465489,0.383223699,0.609646158,0.337285277,0.354333936,,0.208751862,-0.775396365,UNM,Public (direct listing),0.023012829423452744,0.0031509499311521694,,0.5790509148164735,0.36572315101676167,0.012366095944066126,,0.08250203086921193,-0.24367487323899062,-0.19769481741368655,-0.05544068538147595,0.013134056338954425,-0.0023321154291608445,,,0.004849651269899169,70115600000.0,0.0,-0.049420018606660565,0.22384667892692292,9.239899174217728
Supply Chain & Logistics,-0.369071749,,0.276454222,-0.424624071,,-0.147038471,,,,UPS,Public (direct listing),0.16236432146673416,0.031360819020012975,0.13049891367178934,-0.15450367930242614,0.3152264114523331,0.07310228610025973,0.0845590316700069,-0.015965840527244035,-0.21893942888891194,-0.1448838585764014,0.1880208747121046,0.0946606989984069,0.05449027979083241,0.10923810995173776,0.01321378973490731,0.14587740903959534,69405000000.0,0.030703839780995605,-0.05540496852331453,0.22258580189092045,12.697715449879391
Supply Chain & Logistics,0.099743842,,0.43352471,-0.218025673,,0.112091756,,,,UPS,Subsidiary (proxy = parent listing),0.16236432146673416,0.031360819020012975,0.13049891367178934,-0.15450367930242614,0.3152264114523331,0.07310228610025973,0.0845590316700069,-0.015965840527244035,-0.21893942888891194,-0.1448838585764014,0.1880208747121046,0.0946606989984069,0.05449027979083241,0.10923810995173776,0.01321378973490731,0.14587740903959534,69405000000.0,0.030703839780995605,-0.05540496852331453,0.22258580189092045,12.697715449879391
Specialty Retail & Apparel,0.707342603,,-0.06298094,0.600415669,,0.817573049,,,,URBN,Public (direct listing),0.08192761042447447,,0.08981914423767516,-0.15988912779137654,0.5185126333996428,0.09742593628243881,0.09768347469298204,0.1142112717478212,0.08316311584054126,-0.24913970884981518,-0.1430788917153235,0.06772640380009998,-0.02183610486305176,0.061426858885454474,-0.007716750930626552,0.06430660248810711,3791347000.0,,0.15509141435318632,-0.027955664849190875,10.043249494911286
Financial Services,0.443812371,-0.330287563,0.216741089,-0.740564881,0.369788688,-0.208955334,,-0.435337467,0.972763122,USB,Public (direct listing),0.008632123354154163,0.06438977157695525,,-0.26015702629875603,0.2916846214911799,0.011251608067544243,,0.0479214780600461,0.18332787387607508,-0.019925184573844845,0.030305434355717198,0.01389014868721262,,,,,573284000000.0,0.07277021511153285,,-0.04274481182175619,11.138900882696383
Supply Chain & Logistics,-1.922196612,,-2.097016601,-1.844497956,,-2.530595411,,,,,Private / no public equity,,,,,,,,,,,,,,,,,,,,,
Insurance,-2.283996218,-0.475512766,-1.606932455,-1.455942297,-1.320954951,-2.587931165,,-2.47469301,-0.628511656,,Private / no public equity,,,,,,,,,,,,,,,,,,,,,
Insurance,-0.12539423,1.424661523,0.346599202,2.168969077,0.665140771,1.192103544,,0.909704262,0.476765071,,Private / no public equity,,,,,,,,,,,,,,,,,,,,,
Outsourcing & Staffing,0.954126056,,1.01647276,0.595300889,,1.142782334,,,,,Private / no public equity,,,,,,,,,,,,,,,,,,,,,
Travel & Leisure,1.198084463,,-0.57778672,-1.820982609,,-0.757564163,,,,MTN,Public (direct listing),0.055068290295642884,0.3226678396196281,0.2283294113175756,-0.2019139026227651,0.36869947582622575,0.026674728253286734,0.15405105203210398,-0.06976376202377665,-0.30108940364869663,-0.3661345164996459,-0.2285041933681421,0.04060243689160592,-0.003731724587700203,0.1745810194861359,0.010859159306848297,0.053213295852834595,6318028000.0,0.01009001542886483,0.22909989716036697,0.050085608870020705,8.83927669058535
Specialty Retail & Apparel,-0.822885779,,-0.017023289,-0.896513199,,-1.721056151,,,,VVV,Subsidiary (proxy = parent listing),,,,,,,,,,,,,,,,,,,,,
Financial Services,0.513391506,-0.242954672,0.434645578,-0.380353434,0.188183314,-0.588427939,,-1.009561496,-0.514899277,,Private / no public equity,,,,,,,,,,,,,,,,,,,,,
Specialty Retail & Apparel,-0.447071701,,1.404886117,0.700262545,,0.273145978,,,,VFC,Subsidiary (proxy = parent listing),,,,,,,,,,,,,,,,,,,,,
Software & IT Services,1.150172742,0.681963014,0.222254897,1.135334636,0.402354742,0.601434514,-0.833783069,-0.213462021,-0.551474878,VRSK,Public (direct listing),0.13709040237893436,0.014010152284263944,0.5632759311173408,-0.16901709335218762,0.2808486082332196,0.16677431323777983,0.4403184733907101,0.03930942895086331,-0.6458555222990804,-0.6736582949973565,-0.4338273583235537,0.08111342243505672,0.010776542645109095,0.3245882039699097,0.03317360114734864,0.07246728214018894,7808100000.0,,-0.11768068702734871,0.10603654675072023,6.2166061010848646
Telecommunications,-0.41381381,0.873377405,0.279961238,-0.572255641,0.20303204,0.504528364,,0.61341244,0.372430024,VZ,Public (direct listing),0.05598398651495996,0.024114420004041515,0.2226550224723207,-0.24650631224734554,0.2279904662246616,0.043519836160616804,0.2121728256651287,0.028520232940122403,-0.07698212482836597,-0.0680568587357595,0.007500393081553369,0.060824434489605,-0.0029244477114056034,0.23256321625357343,0.006241945228045455,0.007178834475158435,366596000000.0,0.02030300385165141,0.02561622356103293,-0.09339333282580731,11.681824001432044
Outsourcing & Staffing,-1.668297984,,-2.54479194,0.875097952,,-0.246567249,,,,,Private / no public equity,,,,,,,,,,,,,,,,,,,,,
Telecommunications,1.632759678,-1.896059595,0.772690229,1.66066532,-1.892362597,-0.591389163,,0.715155298,-0.689753413,VSAT,Public (direct listing),-0.002431234746091384,,-0.046807042424247436,-0.3293435713930546,0.6365473112709196,-0.002280394149731298,0.023301395605437602,0.021102240293196184,5.128801334701546,4.207252903395116,1.611374666105866,-0.0008706297322209145,,0.004031934543992433,0.010606697697052051,0.10970023225293273,6389346000.0,0.005463939501789385,0.05954084925589508,-0.1580045817853607,4.189654742026425
Specialty Retail & Apparel,-1.402708745,,-0.189436023,-0.150227594,,0.264004166,,,,VSCO,Subsidiary (proxy = parent listing),,,,,,,,,,,,,,,,,,,,,
Specialty Retail & Apparel,-1.378429633,,-1.236238423,-2.431808688,,-1.787509221,,,,,Private / no public equity,,,,,,,,,,,,,,,,,,,,,
Telecommunications,-0.013332081,-0.224743722,0.05310137,0.417459842,0.031334753,0.201505858,,0.777527094,0.756618945,,Private / no public equity,,,,,,,,,,,,,,,,,,,,,
Financial Services,0.701991707,0.250980459,0.621559389,-0.172422625,-0.688465775,-0.683223057,,-0.387222208,-2.288804441,V,Public (direct listing),0.1749336265072923,0.21593030491599263,0.6714773114977823,-0.04591682701981492,0.30751448470269876,0.2271796155437609,0.6705324563646082,0.17052324369397542,-0.3462541400141761,-0.31100601483282453,-0.19425976270901246,0.15604455997489208,0.003967745155436199,0.6487305186869227,-0.0021947992700917717,0.09003760884088574,85501000000.0,0.02631548169027263,0.1325767205478375,0.032720903079355636,9.975808214115752
Outsourcing & Staffing,-0.54222858,,-0.769198967,-0.369493335,,0.15441365,,,,,Private / no public equity,,,,,,,,,,,,,,,,,,,,,
Software & IT Services,1.020728395,0.382066341,1.059843186,0.833129584,0.184307947,0.653276875,0.762514121,1.004715029,-1.554040979,AVGO,Subsidiary (proxy = parent listing),0.15693047004054664,0.20958105646630232,0.4301418546516881,-0.10397685929246137,0.37329626314951253,0.17100094200130073,0.44064135692042666,0.47873900293255134,0.7406352397007581,0.46089303444779106,0.20717826718729127,0.15693047004054664,,0.26480374935027295,0.09703585156108169,0.13860835307109656,73249000000.0,0.005501781594287976,0.0762247894182709,0.3005128910707841,
Telecommunications,0.564113606,0.73557674,1.323810152,0.947753704,1.144025198,1.473259831,,1.592708051,-1.105321662,VOD,Public (direct listing),0.014521353595284617,,0.15549851391515807,-0.3121273926883682,0.3033097578017543,,,,0.591763705926392,0.1645838969989759,0.18733288470703835,0.014521353595284617,,0.15549851391515807,,,154049000000.0,0.4549980850248947,,-0.1523960601032817,9.6423824949348
Industrials,-0.585287852,1.612683741,0.156228444,-0.101102067,0.67148853,0.566104873,-0.234446856,0.980950227,0.340114707,VWAGY,Public (direct listing),0.027405396684118982,0.11531221147966209,0.06625335961297259,-0.4094727600889617,0.4778043853084755,,,,-0.17918297649257608,-0.22427325304162982,-0.15125727782871923,0.029099012691800555,,0.06508818980091848,,,528609000000.0,0.3468915587891996,,0.05113721664592045,
Industrials,1.067442513,0.387595772,1.814835607,0.14130717,0.707894877,0.750807125,0.909177582,1.414170624,-0.349464863,VLVLY,Public (direct listing),0.05201696488751542,0.27205439852128865,0.10485575917833737,-0.1817549361570132,0.396162816146617,0.049563543564999674,0.10197028340980357,-0.09053960851287446,0.09609120087438505,0.06029865165064541,0.12953571394031327,0.06355843491206849,,0.11357652545833602,,,515856000000.0,0.29359162246828574,,0.09417179687615722,
Restaurants & Fast Food,-1.240243666,,-1.120235661,-1.828551565,,-0.721660298,,,,,Private / no public equity,,,,,,,,,,,,,,,,,,,,,
Restaurants & Fast Food,-2.71949621,,0.518799364,0.755707399,,-0.764979575,,,,,Private / no public equity,,,,,,,,,,,,,,,,,,,,,
Grocery Stores,-0.458974572,,1.030829515,1.862014505,,0.350607037,,,,,Private / no public equity,,,,,,,,,,,,,,,,,,,,,
General Retail,-0.094305883,,0.410289185,-0.719973969,,0.502807472,,,,,Subsidiary of private parent,,,,,,,,,,,,,,,,,,,,,
General Retail,0.429586034,,-0.128993153,-0.587218015,,-0.835445083,,,,WMT,Public (direct listing),0.05584007187780773,,0.045293441861602016,0.010681572185300414,0.27139408189696557,0.08021401222649804,0.041614217467134514,0.07331727140433197,0.1972750142181523,-0.04827823935102482,0.0037889222851357207,0.050671156584457894,0.0066855957093471955,0.04222158007685264,0.0009049987248203096,0.036426185929498534,244860000000.0,0.011447357673772768,0.001879892878222977,0.07698976449177186,14.648419680899378
Software & IT Services,-0.372317834,0.797458072,0.068168324,-0.712445644,0.875264213,-0.088029495,0.302246045,0.807301156,0.848141712,WMT,Subsidiary (proxy = parent listing),0.05584007187780773,,0.045293441861602016,0.010681572185300414,0.27139408189696557,0.08021401222649804,0.041614217467134514,0.07331727140433197,0.1972750142181523,-0.04827823935102482,0.0037889222851357207,0.050671156584457894,0.0066855957093471955,0.04222158007685264,0.0009049987248203096,0.036426185929498534,244860000000.0,0.011447357673772768,0.001879892878222977,0.07698976449177186,14.648419680899378
General Retail,-0.119522082,,-1.217388341,-0.824582695,,-1.50017952,,,,WMT,Subsidiary (proxy = parent listing),0.05584007187780773,,0.045293441861602016,0.010681572185300414,0.27139408189696557,0.08021401222649804,0.041614217467134514,0.07331727140433197,0.1972750142181523,-0.04827823935102482,0.0037889222851357207,0.050671156584457894,0.0066855957093471955,0.04222158007685264,0.0009049987248203096,0.036426185929498534,244860000000.0,0.011447357673772768,0.001879892878222977,0.07698976449177186,14.648419680899378
Media & Entertainment,-0.309846437,-0.621934783,-0.544861721,-0.243965283,-0.591962979,-0.254718962,0.388866938,-0.172526932,0.064876497,WBD,Public (direct listing),-0.05500705218617771,1.7739315888770406,-0.10337995682644824,-0.666560791810461,0.6335402849548007,-0.01735271186101837,0.04705724267669981,-0.009577903998218118,2.060431840509344,1.2325552009608538,0.25758122531525407,0.04210454888308077,-0.016054855573254832,0.22357868477921763,-0.052485492339761755,0.049998884101485286,34427000000.0,0.009846922473639875,0.9081879767789598,-0.30777354857919675,9.305650551780507
Outsourcing & Staffing,0.200166153,,-0.335114854,-0.360297153,,-0.7057749,,,,WM,Public (direct listing),0.07134886983135141,0.09854442027773125,0.17402782008325718,-0.0037321361526725383,0.21538962086996416,0.06111612391655046,0.18376421516546648,0.03472914589564646,-0.23302916358834858,-0.30139219999572264,-0.16897669199167165,0.057862340357175635,0.0011082839525782277,0.16679574297879887,-0.004866440374142482,0.08147044151048122,29097000000.0,,0.056939631685283654,0.16958631774056196,10.789319076925574
Grocery Stores,-0.022192003,,-0.418332994,-0.105406645,,-0.686416122,,,,,Private / no public equity,,,,,,,,,,,,,,,,,,,,,
Specialty Retail & Apparel,1.45108736,,-0.411224203,0.090816182,,-2.106997841,,,,W,Public (direct listing),-0.3717877094972067,-0.10869565217391308,-0.10754624324766737,-0.8136213150932048,1.0687478641442485,-0.09603274559193954,0.011771211881813872,0.07362637362637359,1.3295602862502163,0.15351636190605755,-0.302038597904722,-0.1071989510146723,0.1523737956863214,-0.02775686751685268,0.04751553235681317,0.25944986062935194,4570000000.0,,-0.3292501850839587,0.1319365959639228,9.722025626154055
Grocery Stores,1.340768778,,0.631809195,2.342859562,,1.380521871,,,,,Private / no public equity,,,,,,,,,,,,,,,,,,,,,
Financial Services,-0.07944716,-0.130618253,-0.792603676,-1.440215541,-0.337286432,-0.931406576,,-0.531364832,0.36613658,WFC,Public (direct listing),0.007271055065868518,-0.060606826162746597,,-0.22159638953053795,0.3356626992908645,0.010333654101920588,,0.06437044022035843,0.00801131902922192,-0.26395984054737365,-0.16414564549724986,0.011349193149315116,,,,,1948068000000.0,0.08927152440263893,,0.018198124775426965,
Restaurants & Fast Food,0.424867615,,0.344339835,-0.067316334,,0.225705147,,,,WEN,Public (direct listing),0.03225293780494546,0.10464270389320385,0.1687674331485728,-0.019546731619021096,0.30734895171478493,0.030084794546805696,0.15436160243858862,0.03279067457285212,-0.7618554561571987,-0.5560521192509927,-0.29520947282268006,0.03002639103830498,0.0031011909807967353,0.16747102138384862,0.011490904104922185,0.05431821273339621,5101391000.0,0.004753605438203031,,0.034451373513253745,9.581903928408666
Industrials,1.435185403,-0.28382598,0.408736712,0.179129034,-0.353610198,-0.284047112,0.378490774,-0.088998432,0.364874815,WDC,Public (direct listing),0.05887505236299935,0.1105661269353504,0.1295163092640877,-0.5291905899538267,0.47644319404606644,0.4396021485334734,0.3119639976224845,0.45466434176111603,8.190588147700765,7.104967768081315,2.9347043707969713,0.012551390510201875,0.029830856099068378,0.05614780504291241,0.04180111278803712,0.04391965232558478,26259000000.0,0.0,0.050243531812184127,-0.13926211969568902,11.082142548877776
Industrials,-0.694733597,-1.009491338,-1.721735713,-1.024075511,-0.10937116,-0.651040254,-1.119242749,0.328711671,0.672734579,SW,Public (direct listing),0.0772468082038135,0.18051043633125552,0.1279887482419128,-0.3393665824517198,0.6021490733737185,0.00836810869732771,0.06169361293420842,0.007314524555903867,-0.2913143218244634,-0.31147623051544926,-0.1540330866890609,0.0579994874861194,,0.10616404472148015,,,13254908176.898169,0.32066285128555566,,0.03898720719500385,
Restaurants & Fast Food,0.065531947,,-0.233428883,-0.743522496,,-0.650017313,,,,,Private / no public equity,,,,,,,,,,,,,,,,,,,,,
Industrials,0.134949952,-0.932309758,-0.834785877,-0.701088883,-0.798996943,-0.335485256,-0.929464592,-0.61526019,0.845128552,WHR,Public (direct listing),-0.0887059098341509,-0.10284284739595173,0.06175218008517542,-0.3644083599494343,0.3929044771245096,0.00996551566986191,0.038413388680239836,-0.09610604805302403,-0.6101124716640721,-0.8090074484440755,-0.574258881447076,0.06790879909277288,0.012594459099244866,0.08905241117539985,0.014930972563277474,0.041411825775899525,20285000000.0,0.01469065812176485,-0.02784044519758227,0.0835578576570923,11.141861783579396
Grocery Stores,0.03410921,,-0.003837004,0.611358322,,0.435807891,,,,AMZN,Subsidiary (proxy = parent listing),-0.0058831793375479545,0.09399517263985091,0.023829581912242232,-0.48942029623732275,0.5016868661991455,0.11549105608276362,0.11500371579049404,0.16607244952366274,-0.1196691970525392,-0.008751288150934844,0.08838473116292334,0.06573042724036333,0.013944438011302431,0.054701201307728355,0.0005592954233454377,0.29659398587859476,420549000000.0,0.0035453657005485688,-0.1411195667019543,0.08508957434406213,
Telecommunications,1.201420331,-2.640972112,-0.228700382,-0.57970485,-2.10700296,-0.404400385,,-0.966652952,-0.001457752,,Private / no public equity,,,,,,,,,,,,,,,,,,,,,
Restaurants & Fast Food,-0.430341919,,-0.183250618,-1.418745352,,-1.313247103,,,,WING,Public (direct listing),0.12481906692755605,0.26555210228600146,0.260395892828673,-0.09265991408024832,0.619185039293243,0.16147258494683245,0.26982708560023905,0.07382491495902843,-0.623456088407358,-0.7656270976868373,-0.5374161045249766,0.13486773353809978,0.023956113301507324,0.2355304680506848,0.023114137758436754,0.19074081987289992,249203000.0,0.0,0.00973923149518382,0.2650079612643487,6.7912214627261855
Grocery Stores,1.361839231,,0.463540039,-0.391142585,,0.580439061,,,,,Private / no public equity,,,,,,,,,,,,,,,,,,,,,
Specialty Retail & Apparel,0.381779439,,1.68632773,1.592481863,,2.643355902,,,,TJX,Public (direct listing),0.11535083096166684,,0.09794026776519052,0.07529689413858454,0.3309426224668358,0.16543093472763898,0.12256430241621201,0.09244146136831666,0.05383677374716056,0.015165887768267439,-0.05634618601384456,0.11535083096166684,,0.09794026776519052,,,28461000000.0,0.43947858472998136,,0.11223350651946669,12.736700896592344
Software & IT Services,-0.518796932,-0.419853217,-0.25327059,-1.145253789,0.523782336,-0.287450949,0.327859202,0.297383485,0.406893993,,Private / no public equity,,,,,,,,,,,,,,,,,,,,,
Industrials,0.605956973,-3.283064749,-1.308426637,-0.545635587,-4.748208476,-2.95767895,-1.785230051,-2.947417937,-1.440602349,,Private / no public equity,,,,,,,,,,,,,,,,,,,,,
Software & IT Services,0.273709713,0.410446752,-0.387921639,0.885767178,0.090601417,0.789045966,-2.043868439,0.044297803,-1.209764696,WTKWY,Public (direct listing),0.10799158780231335,0.1429469712848459,0.2317990097194205,-0.03436812692976998,0.278442221909238,,,,-0.799059714777981,-0.7842114745213999,-0.5963848185512539,0.08063801506424458,,0.21819325089079858,,,9028000000.0,0.3465883916703589,,0.15608763745074106,
Software & IT Services,0.122538086,0.352047753,-0.163276703,1.30884665,-0.025784626,-0.446861811,-0.775329462,-0.227545273,-0.707350345,WDAY,Public (direct listing),0.0027622980605333807,,-0.02257248491924499,-0.34350607968763125,0.4986325443267668,0.04848519541480029,0.11731276638928353,0.13482142857142865,-0.7023281968541374,-0.6252807167455202,-0.508724949261045,-0.04396893359056352,0.027379975967703564,-0.09571346577488628,0.050538096128246696,0.22192840180432163,10498505000.0,0.11643972165560716,-0.04758052880686548,0.08769513774523525,9.629050706834368
Insurance,-0.416300246,-0.623831127,0.754378538,1.208030704,0.060525388,0.024043572,,0.662077087,-0.017156766,WTW,Public (direct listing),0.03176052126286632,-0.014669926650366705,0.17358448003609295,0.04949640750805995,0.24926565599019615,0.05794028709464391,0.23380822471455998,0.08502024291497978,-0.3462906913800804,-0.417569854354768,-0.4082849265518139,0.05868375102051737,0.04563108758478614,0.17517577149371033,0.050424525579756865,-0.005475324718872243,34970000000.0,0.017529310837861023,-0.024958224387769384,0.09356422864894902,10.696480068065789
Travel & Leisure,1.131406779,,-3.141518956,0.233801483,,-0.733533427,,,,TNL,Subsidiary (proxy = parent listing),,,,,,,,,,,,,,,,,,,,,
Software & IT Services,-0.105000944,0.1857701,-0.142730255,-0.838479225,0.49587935,-0.160284534,-1.55254768,0.493896464,0.481891624,XRX,Public (direct listing),-0.027895694360218316,0.009803921568627416,0.029829745321514,-0.34705362842335474,0.4972932729891558,-0.10799906897354333,-0.00364323303197949,0.26698695950583384,-0.9978648323001893,-0.6405263880567258,-0.27792545020367787,0.02284447069144731,-0.06216399836713339,,,-0.11158960056393308,13223000000.0,0.049156772290705586,0.11763083790763366,-0.2003655525269531,
Supply Chain & Logistics,-0.194052488,,0.56471289,0.49470581,,-0.09252269,,,,XPO,Public (direct listing),0.10623703940022332,0.07164676478755894,0.06335838300077741,-0.2020110989729177,0.5274204657584832,0.042570109177650695,0.09158833453844299,0.07267144319344943,0.861804577966204,0.41858494643758126,0.5496538375439906,0.025016733409083582,0.004466111312787036,0.04049208748084084,-0.0006063905426969547,-0.11791104141487097,8707000000.0,,-0.1867635590687319,0.12173638159532985,
Supply Chain & Logistics,1.292808424,,0.554315869,0.193318785,,-0.378577396,,,,,Private / no public equity,,,,,,,,,,,,,,,,,,,,,
Specialty Retail & Apparel,-1.831170641,,-0.382651908,-0.380165065,,-1.557479364,,,,IDEXY,Public (direct listing),0.1120400760062187,,0.15449559821041997,-0.13243008427506509,0.35792964228305574,,,,-0.04644202158540822,-0.028603697734634892,-0.017035290727649866,0.1120400760062187,,0.15449559821041997,,,28945000000.0,0.20777336327517706,,-0.06310578421640511,
Restaurants & Fast Food,1.129353246,,-0.024467522,-0.337684933,,-0.921794937,,,,,Private / no public equity,,,,,,,,,,,,,,,,,,,,,
Software & IT Services,0.443451094,0.254890152,-1.457967739,0.542600073,-1.519114918,-1.932902517,0.377362658,-1.342724844,0.380702316,,Private / no public equity,,,,,,,,,,,,,,,,,,,,,
Life Sciences & Biopharma,-0.392109256,0.012323537,0.24689267,-0.695881599,0.201980651,0.419792253,0.425903039,-0.453349135,1.216986112,ZBH,Public (direct listing),0.010984524826735023,0.016492610548826114,0.17177480943529447,0.02479460905551578,0.30540804910515945,0.033031560308311926,0.16796089950173027,0.09302812843748365,-0.44057226376968195,-0.35420984198853445,-0.3012633645416958,0.01912012606949019,-0.014403310477366364,0.07651875503407239,-0.021476884994615263,-0.002213372953982662,23456400000.0,0.06842908545215805,0.002800017844996862,-0.03289086629264822,7.600902459542082
Software & IT Services,-0.421769822,-1.1002421,-1.004618098,-0.071228976,-1.927455752,-1.357823807,-0.221188888,-1.445009258,-0.014388622,ZM,Public (direct listing),0.18217203937114024,,0.259421044210247,-0.6181779425908818,0.6344980812482615,0.17795032689498128,0.2417392044694368,0.05472901937916852,-0.10629020203361916,0.0732894486522504,0.11159255014989666,0.08752009892427516,0.0589628841499324,0.1368351170407692,0.09507679580956045,1.5627853849586355,7551318000.0,,-0.16878537790253104,0.9290456227825672,8.822764296703758
Business Consulting,-1.562501156,-0.027700921,0.528882872,-0.246519234,0.14833478,-0.972961072,,0.465254377,0.602321476,,Private / no public equity,,,,,,,,,,,,,,,,,,,,,
Insurance,1.061592722,0.424285392,0.185164117,0.177534268,0.397153526,-0.145398912,,0.493514353,-1.216405214,ZURVY,Public (direct listing),0.011818301074499422,-0.3562892765210889,,0.10515255228617404,0.2192762636676923,,,,-0.11216352302727306,-0.16545682109825943,-0.09127244095194875,0.013040633531123795,,,,,398907000000.0,0.03787599615950585,,0.10375710209319133,
